Metric,Value
design__lint_error__count,0
design__lint_timing_construct__count,0
design__lint_warning__count,336
design__inferred_latch__count,0
design__instance__count,6834
design__instance__area,114625
design__instance_unmapped__count,0
synthesis__check_error__count,0
design__max_slew_violation__count__corner:nom_tt_025C_5v00,0
design__max_fanout_violation__count__corner:nom_tt_025C_5v00,0
design__max_cap_violation__count__corner:nom_tt_025C_5v00,0
power__internal__total,0.00022849708329886198
power__switching__total,0.00009324542043032125
power__leakage__total,8.134114182212215E-7
power__total,0.00032255591941066086
clock__skew__worst_hold__corner:nom_tt_025C_5v00,-0.0028962943974036766
clock__skew__worst_setup__corner:nom_tt_025C_5v00,-0.0028962943974036766
timing__hold__ws__corner:nom_tt_025C_5v00,0.9726937308701629
timing__setup__ws__corner:nom_tt_025C_5v00,3993.140239046567
timing__hold__tns__corner:nom_tt_025C_5v00,0.0
timing__setup__tns__corner:nom_tt_025C_5v00,0.0
timing__hold__wns__corner:nom_tt_025C_5v00,0
timing__setup__wns__corner:nom_tt_025C_5v00,0.0
timing__hold_vio__count__corner:nom_tt_025C_5v00,0
timing__hold_r2r__ws__corner:nom_tt_025C_5v00,0.972694
timing__hold_r2r_vio__count__corner:nom_tt_025C_5v00,0
timing__setup_vio__count__corner:nom_tt_025C_5v00,0
timing__setup_r2r__ws__corner:nom_tt_025C_5v00,3993.140137
timing__setup_r2r_vio__count__corner:nom_tt_025C_5v00,0
design__max_slew_violation__count__corner:nom_ss_125C_4v50,0
design__max_fanout_violation__count__corner:nom_ss_125C_4v50,0
design__max_cap_violation__count__corner:nom_ss_125C_4v50,0
clock__skew__worst_hold__corner:nom_ss_125C_4v50,-0.0043118843049876
clock__skew__worst_setup__corner:nom_ss_125C_4v50,-0.0043118843049876
timing__hold__ws__corner:nom_ss_125C_4v50,1.7954698236377369
timing__setup__ws__corner:nom_ss_125C_4v50,3987.1198386979127
timing__hold__tns__corner:nom_ss_125C_4v50,0.0
timing__setup__tns__corner:nom_ss_125C_4v50,0.0
timing__hold__wns__corner:nom_ss_125C_4v50,0
timing__setup__wns__corner:nom_ss_125C_4v50,0.0
timing__hold_vio__count__corner:nom_ss_125C_4v50,0
timing__hold_r2r__ws__corner:nom_ss_125C_4v50,1.795470
timing__hold_r2r_vio__count__corner:nom_ss_125C_4v50,0
timing__setup_vio__count__corner:nom_ss_125C_4v50,0
timing__setup_r2r__ws__corner:nom_ss_125C_4v50,3987.119873
timing__setup_r2r_vio__count__corner:nom_ss_125C_4v50,0
design__max_slew_violation__count__corner:nom_ff_n40C_5v50,0
design__max_fanout_violation__count__corner:nom_ff_n40C_5v50,0
design__max_cap_violation__count__corner:nom_ff_n40C_5v50,0
clock__skew__worst_hold__corner:nom_ff_n40C_5v50,-0.002216948909422341
clock__skew__worst_setup__corner:nom_ff_n40C_5v50,-0.002216948909422341
timing__hold__ws__corner:nom_ff_n40C_5v50,0.5967075336072846
timing__setup__ws__corner:nom_ff_n40C_5v50,3995.709561651741
timing__hold__tns__corner:nom_ff_n40C_5v50,0.0
timing__setup__tns__corner:nom_ff_n40C_5v50,0.0
timing__hold__wns__corner:nom_ff_n40C_5v50,0
timing__setup__wns__corner:nom_ff_n40C_5v50,0.0
timing__hold_vio__count__corner:nom_ff_n40C_5v50,0
timing__hold_r2r__ws__corner:nom_ff_n40C_5v50,0.596708
timing__hold_r2r_vio__count__corner:nom_ff_n40C_5v50,0
timing__setup_vio__count__corner:nom_ff_n40C_5v50,0
timing__setup_r2r__ws__corner:nom_ff_n40C_5v50,3995.709473
timing__setup_r2r_vio__count__corner:nom_ff_n40C_5v50,0
design__max_slew_violation__count,0
design__max_fanout_violation__count,0
design__max_cap_violation__count,0
clock__skew__worst_hold,-0.0020294322352598184
clock__skew__worst_setup,-0.00471944718885416
timing__hold__ws,0.5919447322080926
timing__setup__ws,3986.946125204961
timing__hold__tns,0.0
timing__setup__tns,0.0
timing__hold__wns,0
timing__setup__wns,0.0
timing__hold_vio__count,0
timing__hold_r2r__ws,0.591945
timing__hold_r2r_vio__count,0
timing__setup_vio__count,0
timing__setup_r2r__ws,3986.946045
timing__setup_r2r_vio__count,0
design__die__bbox,0.0 0.0 253.12 510.72
design__core__bbox,6.72 15.68 246.4 493.92
design__io,63
design__die__area,129273
design__core__area,114625
design__instance__count__stdcell,3635
design__instance__area__stdcell,78542.1
design__instance__count__macros,0
design__instance__area__macros,0
design__instance__count__padcells,0
design__instance__area__padcells,0
design__instance__count__cover,0
design__instance__area__cover,0
design__instance__utilization,0.685211
design__instance__utilization__stdcell,0.685211
design__rows,122
design__rows:GF018hv5v_mcu_sc7,122
design__sites,52216
design__sites:GF018hv5v_mcu_sc7,52216
design__instance__count__class:tie_cell,24
design__instance__area__class:tie_cell,210.739
design__instance__count__class:buffer,6
design__instance__area__class:buffer,79.0272
design__instance__count__class:inverter,253
design__instance__area__class:inverter,2234.71
design__instance__count__class:sequential_cell,413
design__instance__area__class:sequential_cell,26291.9
design__instance__count__class:multi_input_combinational_cell,1628
design__instance__area__class:multi_input_combinational_cell,28667.1
flow__warnings__count,1
flow__errors__count,0
flow__warnings__count:ODB-0220,1
flow__warnings__count:STA-0366,1
flow__warnings__count:STA-0441,1
flow__warnings__type_count,1
flow__warnings__count:ORD-0039,1
design__instance__count__class:endcap_cell,244
design__instance__area__class:endcap_cell,1071.26
design__instance__count__class:tap_cell,744
design__instance__area__class:tap_cell,3266.46
design__power_grid_violation__count__net:VDD,0
design__power_grid_violation__count__net:VSS,0
design__power_grid_violation__count,0
timing__drv__floating__nets,2
timing__drv__floating__pins,0
design__instance__displacement__total,3720.29
design__instance__displacement__mean,1.023
design__instance__displacement__max,34.5345
route__wirelength__estimated,102458
design__violations,0
design__instance__count__class:timing_repair_buffer,211
design__instance__area__class:timing_repair_buffer,9213.25
flow__warnings__count:RSZ-0020,1
flow__warnings__count:STA-1140,6
design__instance__count__class:clock_buffer,92
design__instance__area__class:clock_buffer,7108.06
design__instance__count__class:clock_inverter,20
design__instance__area__class:clock_inverter,399.526
flow__warnings__count:CTS-0041,49
design__instance__count__setup_buffer,0
design__instance__count__hold_buffer,117
global_route__vias,18706
global_route__wirelength,170200
antenna__violating__nets,0
antenna__violating__pins,0
route__antenna_violation__count,0
antenna_diodes_count,0
route__net,2625
route__net__special,2
route__drc_errors__iter:0,859
route__wirelength__iter:0,113932
route__drc_errors__iter:1,242
route__wirelength__iter:1,113384
route__drc_errors__iter:2,235
route__wirelength__iter:2,113019
route__drc_errors__iter:3,2
route__wirelength__iter:3,112810
route__drc_errors__iter:4,1
route__wirelength__iter:4,112811
route__drc_errors__iter:5,1
route__wirelength__iter:5,112811
route__drc_errors__iter:6,0
route__wirelength__iter:6,112811
route__drc_errors,0
route__wirelength,112811
route__vias,17405
route__vias__singlecut,17405
route__vias__multicut,0
flow__warnings__count:DRT-0349,8
design__disconnected_pin__count,7
design__critical_disconnected_pin__count,0
route__wirelength__max,1166.86
design__instance__count__class:fill_cell,3199
design__instance__area__class:fill_cell,36082.5
timing__unannotated_net__count__corner:nom_tt_025C_5v00,43
timing__unannotated_net_filtered__count__corner:nom_tt_025C_5v00,0
timing__unannotated_net__count__corner:nom_ss_125C_4v50,43
timing__unannotated_net_filtered__count__corner:nom_ss_125C_4v50,0
timing__unannotated_net__count__corner:nom_ff_n40C_5v50,43
timing__unannotated_net_filtered__count__corner:nom_ff_n40C_5v50,0
design__max_slew_violation__count__corner:min_tt_025C_5v00,0
design__max_fanout_violation__count__corner:min_tt_025C_5v00,0
design__max_cap_violation__count__corner:min_tt_025C_5v00,0
clock__skew__worst_hold__corner:min_tt_025C_5v00,-0.002658928708025658
clock__skew__worst_setup__corner:min_tt_025C_5v00,-0.002658928708025658
timing__hold__ws__corner:min_tt_025C_5v00,0.9658909501166789
timing__setup__ws__corner:min_tt_025C_5v00,3993.2243673088606
timing__hold__tns__corner:min_tt_025C_5v00,0.0
timing__setup__tns__corner:min_tt_025C_5v00,0.0
timing__hold__wns__corner:min_tt_025C_5v00,0
timing__setup__wns__corner:min_tt_025C_5v00,0.0
timing__hold_vio__count__corner:min_tt_025C_5v00,0
timing__hold_r2r__ws__corner:min_tt_025C_5v00,0.965891
timing__hold_r2r_vio__count__corner:min_tt_025C_5v00,0
timing__setup_vio__count__corner:min_tt_025C_5v00,0
timing__setup_r2r__ws__corner:min_tt_025C_5v00,3993.224365
timing__setup_r2r_vio__count__corner:min_tt_025C_5v00,0
timing__unannotated_net__count__corner:min_tt_025C_5v00,43
timing__unannotated_net_filtered__count__corner:min_tt_025C_5v00,0
design__max_slew_violation__count__corner:min_ss_125C_4v50,0
design__max_fanout_violation__count__corner:min_ss_125C_4v50,0
design__max_cap_violation__count__corner:min_ss_125C_4v50,0
clock__skew__worst_hold__corner:min_ss_125C_4v50,-0.003965494711507984
clock__skew__worst_setup__corner:min_ss_125C_4v50,-0.003965494711507984
timing__hold__ws__corner:min_ss_125C_4v50,1.7840626148040029
timing__setup__ws__corner:min_ss_125C_4v50,3987.2630841174932
timing__hold__tns__corner:min_ss_125C_4v50,0.0
timing__setup__tns__corner:min_ss_125C_4v50,0.0
timing__hold__wns__corner:min_ss_125C_4v50,0
timing__setup__wns__corner:min_ss_125C_4v50,0.0
timing__hold_vio__count__corner:min_ss_125C_4v50,0
timing__hold_r2r__ws__corner:min_ss_125C_4v50,1.784063
timing__hold_r2r_vio__count__corner:min_ss_125C_4v50,0
timing__setup_vio__count__corner:min_ss_125C_4v50,0
timing__setup_r2r__ws__corner:min_ss_125C_4v50,3987.263184
timing__setup_r2r_vio__count__corner:min_ss_125C_4v50,0
timing__unannotated_net__count__corner:min_ss_125C_4v50,43
timing__unannotated_net_filtered__count__corner:min_ss_125C_4v50,0
design__max_slew_violation__count__corner:min_ff_n40C_5v50,0
design__max_fanout_violation__count__corner:min_ff_n40C_5v50,0
design__max_cap_violation__count__corner:min_ff_n40C_5v50,0
clock__skew__worst_hold__corner:min_ff_n40C_5v50,-0.0020294322352598184
clock__skew__worst_setup__corner:min_ff_n40C_5v50,-0.0020294322352598184
timing__hold__ws__corner:min_ff_n40C_5v50,0.5919447322080926
timing__setup__ws__corner:min_ff_n40C_5v50,3995.7668598195733
timing__hold__tns__corner:min_ff_n40C_5v50,0.0
timing__setup__tns__corner:min_ff_n40C_5v50,0.0
timing__hold__wns__corner:min_ff_n40C_5v50,0
timing__setup__wns__corner:min_ff_n40C_5v50,0.0
timing__hold_vio__count__corner:min_ff_n40C_5v50,0
timing__hold_r2r__ws__corner:min_ff_n40C_5v50,0.591945
timing__hold_r2r_vio__count__corner:min_ff_n40C_5v50,0
timing__setup_vio__count__corner:min_ff_n40C_5v50,0
timing__setup_r2r__ws__corner:min_ff_n40C_5v50,3995.766846
timing__setup_r2r_vio__count__corner:min_ff_n40C_5v50,0
timing__unannotated_net__count__corner:min_ff_n40C_5v50,43
timing__unannotated_net_filtered__count__corner:min_ff_n40C_5v50,0
design__max_slew_violation__count__corner:max_tt_025C_5v00,0
design__max_fanout_violation__count__corner:max_tt_025C_5v00,0
design__max_cap_violation__count__corner:max_tt_025C_5v00,0
clock__skew__worst_hold__corner:max_tt_025C_5v00,-0.003172240337978544
clock__skew__worst_setup__corner:max_tt_025C_5v00,-0.003172240337978544
timing__hold__ws__corner:max_tt_025C_5v00,0.9808429901459932
timing__setup__ws__corner:max_tt_025C_5v00,3993.0383756370875
timing__hold__tns__corner:max_tt_025C_5v00,0.0
timing__setup__tns__corner:max_tt_025C_5v00,0.0
timing__hold__wns__corner:max_tt_025C_5v00,0
timing__setup__wns__corner:max_tt_025C_5v00,0.0
timing__hold_vio__count__corner:max_tt_025C_5v00,0
timing__hold_r2r__ws__corner:max_tt_025C_5v00,0.980843
timing__hold_r2r_vio__count__corner:max_tt_025C_5v00,0
timing__setup_vio__count__corner:max_tt_025C_5v00,0
timing__setup_r2r__ws__corner:max_tt_025C_5v00,3993.038330
timing__setup_r2r_vio__count__corner:max_tt_025C_5v00,0
timing__unannotated_net__count__corner:max_tt_025C_5v00,43
timing__unannotated_net_filtered__count__corner:max_tt_025C_5v00,0
design__max_slew_violation__count__corner:max_ss_125C_4v50,0
design__max_fanout_violation__count__corner:max_ss_125C_4v50,0
design__max_cap_violation__count__corner:max_ss_125C_4v50,0
clock__skew__worst_hold__corner:max_ss_125C_4v50,-0.00471944718885416
clock__skew__worst_setup__corner:max_ss_125C_4v50,-0.00471944718885416
timing__hold__ws__corner:max_ss_125C_4v50,1.8091284538067827
timing__setup__ws__corner:max_ss_125C_4v50,3986.946125204961
timing__hold__tns__corner:max_ss_125C_4v50,0.0
timing__setup__tns__corner:max_ss_125C_4v50,0.0
timing__hold__wns__corner:max_ss_125C_4v50,0
timing__setup__wns__corner:max_ss_125C_4v50,0.0
timing__hold_vio__count__corner:max_ss_125C_4v50,0
timing__hold_r2r__ws__corner:max_ss_125C_4v50,1.809128
timing__hold_r2r_vio__count__corner:max_ss_125C_4v50,0
timing__setup_vio__count__corner:max_ss_125C_4v50,0
timing__setup_r2r__ws__corner:max_ss_125C_4v50,3986.946045
timing__setup_r2r_vio__count__corner:max_ss_125C_4v50,0
timing__unannotated_net__count__corner:max_ss_125C_4v50,43
timing__unannotated_net_filtered__count__corner:max_ss_125C_4v50,0
design__max_slew_violation__count__corner:max_ff_n40C_5v50,0
design__max_fanout_violation__count__corner:max_ff_n40C_5v50,0
design__max_cap_violation__count__corner:max_ff_n40C_5v50,0
clock__skew__worst_hold__corner:max_ff_n40C_5v50,-0.0024343305837919204
clock__skew__worst_setup__corner:max_ff_n40C_5v50,-0.0024343305837919204
timing__hold__ws__corner:max_ff_n40C_5v50,0.6024249047900463
timing__setup__ws__corner:max_ff_n40C_5v50,3995.6418042945425
timing__hold__tns__corner:max_ff_n40C_5v50,0.0
timing__setup__tns__corner:max_ff_n40C_5v50,0.0
timing__hold__wns__corner:max_ff_n40C_5v50,0
timing__setup__wns__corner:max_ff_n40C_5v50,0.0
timing__hold_vio__count__corner:max_ff_n40C_5v50,0
timing__hold_r2r__ws__corner:max_ff_n40C_5v50,0.602425
timing__hold_r2r_vio__count__corner:max_ff_n40C_5v50,0
timing__setup_vio__count__corner:max_ff_n40C_5v50,0
timing__setup_r2r__ws__corner:max_ff_n40C_5v50,3995.641846
timing__setup_r2r_vio__count__corner:max_ff_n40C_5v50,0
timing__unannotated_net__count__corner:max_ff_n40C_5v50,43
timing__unannotated_net_filtered__count__corner:max_ff_n40C_5v50,0
timing__unannotated_net__count,43
timing__unannotated_net_filtered__count,0
design_powergrid__voltage__worst__net:VDD__corner:nom_tt_025C_5v00,4.99987
design_powergrid__drop__average__net:VDD__corner:nom_tt_025C_5v00,4.99997
design_powergrid__drop__worst__net:VDD__corner:nom_tt_025C_5v00,0.000130049
design_powergrid__voltage__worst__net:VSS__corner:nom_tt_025C_5v00,0.000105803
design_powergrid__drop__average__net:VSS__corner:nom_tt_025C_5v00,0.0000321744
design_powergrid__drop__worst__net:VSS__corner:nom_tt_025C_5v00,0.000105803
design_powergrid__voltage__worst,0.000105803
design_powergrid__voltage__worst__net:VDD,4.99987
design_powergrid__drop__worst,0.000130049
design_powergrid__drop__worst__net:VDD,0.000130049
design_powergrid__voltage__worst__net:VSS,0.000105803
design_powergrid__drop__worst__net:VSS,0.000105803
ir__voltage__worst,5
ir__drop__avg,0.0000330999999999999981845251462164725353432004339993000030517578125
ir__drop__worst,0.00012999999999999998861154038021226142518571577966213226318359375
design__xor_difference__count,0
magic__drc_error__count,0
klayout__drc_error__count,0
magic__illegal_overlap__count,0
design__lvs_device_difference__count,0
design__lvs_net_difference__count,0
design__lvs_property_fail__count,0
design__lvs_error__count,0
design__lvs_unmatched_device__count,0
design__lvs_unmatched_net__count,0
design__lvs_unmatched_pin__count,0
