Instance,Terminal,Layer,X location,Y location,Voltage
FILLER_35_237,VSS,Metal1,139.7200,156.8000,0.000011
FILLER_35_178,VSS,Metal1,106.6800,156.8000,0.000011
FILLER_35_104,VSS,Metal1,65.2400,156.8000,0.000010
FILLER_35_86,VSS,Metal1,55.1600,156.8000,0.000009
FILLER_35_70,VSS,Metal1,49.7920,156.2520,0.000009
FILLER_35_36,VSS,Metal1,27.4400,156.8000,0.000007
FILLER_35_18,VSS,Metal1,20.6720,156.2520,0.000007
FILLER_34_255,VSS,Metal1,149.8000,148.9600,0.000067
FILLER_34_253,VSS,Metal1,148.9600,148.9600,0.000067
FILLER_34_244,VSS,Metal1,143.6400,148.9600,0.000067
FILLER_34_107,VSS,Metal1,66.9200,148.9600,0.000062
FILLER_34_90,VSS,Metal1,57.6800,148.9600,0.000058
FILLER_34_45,VSS,Metal1,32.2000,148.9600,0.000055
FILLER_34_37,VSS,Metal1,29.1730,149.4215,0.000055
FILLER_34_34,VSS,Metal1,26.0400,148.9600,0.000050
FILLER_34_8,VSS,Metal1,11.4800,148.9600,0.000051
FILLER_34_6,VSS,Metal1,10.6400,148.9600,0.000051
FILLER_34_2,VSS,Metal1,8.5800,149.3085,0.000051
FILLER_33_200,VSS,Metal1,119.0000,148.9600,0.000067
FILLER_33_107,VSS,Metal1,67.3800,148.6110,0.000062
FILLER_33_87,VSS,Metal1,55.7200,148.9600,0.000057
FILLER_33_63,VSS,Metal1,42.5600,148.9600,0.000057
FILLER_33_33,VSS,Metal1,25.4800,148.9600,0.000050
FILLER_33_31,VSS,Metal1,24.6400,148.9600,0.000050
FILLER_32_255,VSS,Metal1,149.8000,141.1200,0.000043
FILLER_32_244,VSS,Metal1,143.6400,141.1200,0.000043
FILLER_32_189,VSS,Metal1,112.8400,141.1200,0.000043
FILLER_32_185,VSS,Metal1,111.0600,141.4685,0.000043
FILLER_32_166,VSS,Metal1,99.9600,141.1200,0.000043
FILLER_32_164,VSS,Metal1,99.1200,141.1200,0.000043
FILLER_32_133,VSS,Metal1,81.7600,141.1200,0.000042
FILLER_32_78,VSS,Metal1,50.6800,141.1200,0.000035
FILLER_32_37,VSS,Metal1,29.1730,141.5815,0.000035
FILLER_32_2,VSS,Metal1,8.5800,141.4685,0.000035
FILLER_31_255,VSS,Metal1,149.8000,141.1200,0.000043
FILLER_31_251,VSS,Metal1,148.0200,140.7710,0.000043
FILLER_31_206,VSS,Metal1,122.8200,140.7710,0.000043
FILLER_31_106,VSS,Metal1,66.8200,140.7710,0.000039
FILLER_31_98,VSS,Metal1,63.3330,140.6580,0.000039
FILLER_31_84,VSS,Metal1,54.0400,141.1200,0.000036
FILLER_31_82,VSS,Metal1,53.2000,141.1200,0.000036
FILLER_31_68,VSS,Metal1,45.3600,141.1200,0.000035
FILLER_31_58,VSS,Metal1,39.7600,141.1200,0.000035
FILLER_31_28,VSS,Metal1,22.6800,141.1200,0.000035
FILLER_31_26,VSS,Metal1,21.8400,141.1200,0.000035
FILLER_31_18,VSS,Metal1,18.5330,140.6580,0.000035
FILLER_31_2,VSS,Metal1,11.7120,140.5720,0.000035
FILLER_30_215,VSS,Metal1,127.4000,133.2800,0.000060
FILLER_30_211,VSS,Metal1,125.6200,133.6285,0.000059
FILLER_30_181,VSS,Metal1,108.3600,133.2800,0.000058
FILLER_30_177,VSS,Metal1,106.5800,133.6285,0.000058
FILLER_30_117,VSS,Metal1,72.5200,133.2800,0.000057
FILLER_30_115,VSS,Metal1,71.6800,133.2800,0.000057
FILLER_30_107,VSS,Metal1,68.3730,133.7415,0.000057
FILLER_30_104,VSS,Metal1,65.2400,133.2800,0.000057
FILLER_30_100,VSS,Metal1,63.4600,133.6285,0.000056
FILLER_30_92,VSS,Metal1,59.9730,133.7415,0.000055
FILLER_30_77,VSS,Metal1,50.1200,133.2800,0.000054
FILLER_30_31,VSS,Metal1,24.8200,133.6285,0.000049
FILLER_29_193,VSS,Metal1,115.0800,133.2800,0.000059
FILLER_29_139,VSS,Metal1,84.8400,133.2800,0.000058
FILLER_29_137,VSS,Metal1,84.0000,133.2800,0.000058
FILLER_29_98,VSS,Metal1,62.1600,133.2800,0.000055
FILLER_29_90,VSS,Metal1,58.8530,132.8180,0.000055
FILLER_29_82,VSS,Metal1,52.9200,133.2800,0.000054
FILLER_29_80,VSS,Metal1,52.0800,133.2800,0.000054
FILLER_29_63,VSS,Metal1,42.5600,133.2800,0.000054
FILLER_29_4,VSS,Metal1,9.2400,133.2800,0.000049
FILLER_29_2,VSS,Metal1,8.4000,133.2800,0.000049
FILLER_28_219,VSS,Metal1,129.6400,125.4400,0.000066
FILLER_28_189,VSS,Metal1,112.8400,125.4400,0.000066
FILLER_28_185,VSS,Metal1,111.0600,125.7885,0.000066
FILLER_28_155,VSS,Metal1,94.2600,125.7885,0.000065
FILLER_28_121,VSS,Metal1,74.7600,125.4400,0.000065
FILLER_28_117,VSS,Metal1,72.9800,125.7885,0.000065
FILLER_28_107,VSS,Metal1,67.2000,125.4400,0.000065
FILLER_28_96,VSS,Metal1,60.7600,125.4400,0.000063
FILLER_28_92,VSS,Metal1,58.9800,125.7885,0.000063
FILLER_28_70,VSS,Metal1,46.4800,125.4400,0.000059
FILLER_28_37,VSS,Metal1,28.1800,125.7885,0.000049
FILLER_28_34,VSS,Metal1,26.0400,125.4400,0.000048
FILLER_28_30,VSS,Metal1,24.2600,125.7885,0.000048
FILLER_28_24,VSS,Metal1,20.7200,125.4400,0.000049
FILLER_28_2,VSS,Metal1,8.4000,125.4400,0.000049
FILLER_27_93,VSS,Metal1,59.3600,125.4400,0.000063
FILLER_27_85,VSS,Metal1,56.0530,124.9780,0.000061
FILLER_27_72,VSS,Metal1,47.7800,125.0910,0.000060
FILLER_27_69,VSS,Metal1,45.6400,125.4400,0.000057
FILLER_27_65,VSS,Metal1,43.8600,125.0910,0.000057
FILLER_27_51,VSS,Metal1,35.8400,125.4400,0.000057
FILLER_27_43,VSS,Metal1,32.5330,124.9780,0.000057
FILLER_27_10,VSS,Metal1,13.0600,125.0910,0.000049
FILLER_27_2,VSS,Metal1,9.5730,124.9780,0.000049
FILLER_26_255,VSS,Metal1,149.8000,117.6000,0.000131
FILLER_26_227,VSS,Metal1,134.4000,117.6000,0.000130
FILLER_26_138,VSS,Metal1,84.2800,117.6000,0.000121
FILLER_26_136,VSS,Metal1,83.4400,117.6000,0.000121
FILLER_26_66,VSS,Metal1,43.9600,117.6000,0.000109
FILLER_26_64,VSS,Metal1,43.1200,117.6000,0.000109
FILLER_26_60,VSS,Metal1,41.0600,117.9485,0.000109
FILLER_26_51,VSS,Metal1,35.5600,117.6000,0.000109
FILLER_26_49,VSS,Metal1,34.7200,117.6000,0.000109
FILLER_26_45,VSS,Metal1,32.6600,117.9485,0.000109
FILLER_26_37,VSS,Metal1,29.1730,118.0615,0.000106
FILLER_26_34,VSS,Metal1,26.0400,117.6000,0.000105
FILLER_26_32,VSS,Metal1,25.2000,117.6000,0.000105
FILLER_26_2,VSS,Metal1,8.1200,117.6000,0.000105
FILLER_25_139,VSS,Metal1,84.8400,117.6000,0.000121
FILLER_25_137,VSS,Metal1,84.0000,117.6000,0.000121
FILLER_25_123,VSS,Metal1,76.3400,117.2510,0.000121
FILLER_25_77,VSS,Metal1,51.5730,117.1380,0.000119
FILLER_25_40,VSS,Metal1,29.4000,117.6000,0.000106
FILLER_25_36,VSS,Metal1,27.6200,117.2510,0.000106
FILLER_24_177,VSS,Metal1,106.4000,109.7600,0.000202
FILLER_24_151,VSS,Metal1,91.5600,109.7600,0.000193
FILLER_24_127,VSS,Metal1,78.1200,109.7600,0.000189
FILLER_24_125,VSS,Metal1,77.2800,109.7600,0.000189
FILLER_24_37,VSS,Metal1,28.0000,109.7600,0.000176
FILLER_24_26,VSS,Metal1,21.8400,109.7600,0.000171
FILLER_23_160,VSS,Metal1,96.6000,109.7600,0.000198
FILLER_23_158,VSS,Metal1,95.7600,109.7600,0.000198
FILLER_23_154,VSS,Metal1,93.7000,109.4110,0.000196
FILLER_23_142,VSS,Metal1,86.5200,109.7600,0.000193
FILLER_23_139,VSS,Metal1,84.8400,109.7600,0.000189
FILLER_23_137,VSS,Metal1,84.0000,109.7600,0.000189
FILLER_23_83,VSS,Metal1,53.9400,109.4110,0.000187
FILLER_23_74,VSS,Metal1,48.4400,109.7600,0.000187
FILLER_23_72,VSS,Metal1,47.6000,109.7600,0.000187
FILLER_23_36,VSS,Metal1,27.1600,109.7600,0.000176
FILLER_23_32,VSS,Metal1,25.3800,109.4110,0.000171
FILLER_23_2,VSS,Metal1,8.1200,109.7600,0.000172
FILLER_22_255,VSS,Metal1,149.8000,101.9200,0.000068
FILLER_22_145,VSS,Metal1,88.2000,101.9200,0.000066
FILLER_22_143,VSS,Metal1,87.3600,101.9200,0.000066
FILLER_22_139,VSS,Metal1,85.3000,102.2685,0.000065
FILLER_22_111,VSS,Metal1,69.4400,101.9200,0.000064
FILLER_22_107,VSS,Metal1,67.3800,102.2685,0.000064
FILLER_22_104,VSS,Metal1,65.2400,101.9200,0.000063
FILLER_22_102,VSS,Metal1,64.4000,101.9200,0.000063
FILLER_22_91,VSS,Metal1,58.2400,101.9200,0.000058
FILLER_22_83,VSS,Metal1,54.9330,102.3815,0.000055
FILLER_22_69,VSS,Metal1,45.6400,101.9200,0.000041
FILLER_22_67,VSS,Metal1,44.8000,101.9200,0.000041
FILLER_22_37,VSS,Metal1,28.1800,102.2685,0.000040
FILLER_22_10,VSS,Metal1,13.0600,102.2685,0.000036
FILLER_22_2,VSS,Metal1,9.5730,102.3815,0.000036
FILLER_21_203,VSS,Metal1,120.6800,101.9200,0.000067
FILLER_21_162,VSS,Metal1,97.7200,101.9200,0.000066
FILLER_21_158,VSS,Metal1,95.9400,101.5710,0.000066
FILLER_21_142,VSS,Metal1,90.1120,101.3720,0.000066
FILLER_21_139,VSS,Metal1,84.8400,101.9200,0.000065
FILLER_21_137,VSS,Metal1,84.0000,101.9200,0.000065
FILLER_21_133,VSS,Metal1,81.9400,101.5710,0.000065
FILLER_21_90,VSS,Metal1,57.4000,101.9200,0.000056
FILLER_21_82,VSS,Metal1,54.3730,101.4580,0.000055
FILLER_21_72,VSS,Metal1,47.6000,101.9200,0.000048
FILLER_21_40,VSS,Metal1,29.4000,101.9200,0.000040
FILLER_21_34,VSS,Metal1,26.0400,101.9200,0.000036
FILLER_21_26,VSS,Metal1,23.0130,101.4580,0.000036
FILLER_21_10,VSS,Metal1,13.0600,101.5710,0.000036
FILLER_21_2,VSS,Metal1,9.5730,101.4580,0.000036
FILLER_20_255,VSS,Metal1,149.8000,94.0800,0.000047
FILLER_20_244,VSS,Metal1,143.6400,94.0800,0.000047
FILLER_20_240,VSS,Metal1,141.8600,94.4285,0.000047
FILLER_20_185,VSS,Metal1,110.6000,94.0800,0.000046
FILLER_20_174,VSS,Metal1,104.4400,94.0800,0.000046
FILLER_20_165,VSS,Metal1,99.4000,94.0800,0.000046
FILLER_20_119,VSS,Metal1,73.6400,94.0800,0.000043
FILLER_20_117,VSS,Metal1,72.8000,94.0800,0.000043
FILLER_20_107,VSS,Metal1,67.2000,94.0800,0.000043
FILLER_20_104,VSS,Metal1,65.2400,94.0800,0.000043
FILLER_20_102,VSS,Metal1,64.4000,94.0800,0.000043
FILLER_20_86,VSS,Metal1,56.6130,94.5415,0.000043
FILLER_20_70,VSS,Metal1,49.7920,94.6280,0.000041
FILLER_20_65,VSS,Metal1,43.4000,94.0800,0.000037
FILLER_20_61,VSS,Metal1,41.6200,94.4285,0.000037
FILLER_20_50,VSS,Metal1,35.4600,94.4285,0.000034
FILLER_20_37,VSS,Metal1,28.0000,94.0800,0.000033
FILLER_20_26,VSS,Metal1,21.5600,94.0800,0.000032
FILLER_20_22,VSS,Metal1,19.7800,94.4285,0.000032
FILLER_20_6,VSS,Metal1,10.6400,94.0800,0.000032
FILLER_20_2,VSS,Metal1,8.5800,94.4285,0.000032
FILLER_19_209,VSS,Metal1,124.0400,94.0800,0.000046
FILLER_19_149,VSS,Metal1,90.4400,94.0800,0.000044
FILLER_19_131,VSS,Metal1,80.8200,93.7310,0.000044
FILLER_19_115,VSS,Metal1,74.9920,93.5320,0.000043
FILLER_19_84,VSS,Metal1,54.3200,94.0800,0.000041
FILLER_19_80,VSS,Metal1,52.2600,93.7310,0.000041
FILLER_19_66,VSS,Metal1,44.4200,93.7310,0.000040
FILLER_19_54,VSS,Metal1,37.7000,93.7310,0.000036
FILLER_19_38,VSS,Metal1,31.8720,93.5320,0.000034
FILLER_19_31,VSS,Metal1,24.6400,94.0800,0.000032
FILLER_18_179,VSS,Metal1,107.2400,86.2400,0.000124
FILLER_18_177,VSS,Metal1,106.4000,86.2400,0.000124
FILLER_18_115,VSS,Metal1,71.8600,86.5885,0.000121
FILLER_18_107,VSS,Metal1,68.3730,86.7015,0.000119
FILLER_18_103,VSS,Metal1,64.9600,86.2400,0.000112
FILLER_18_99,VSS,Metal1,62.9000,86.5885,0.000112
FILLER_18_89,VSS,Metal1,57.1200,86.2400,0.000111
FILLER_18_81,VSS,Metal1,53.8130,86.7015,0.000110
FILLER_18_65,VSS,Metal1,43.6800,86.2400,0.000106
FILLER_18_52,VSS,Metal1,36.1200,86.2400,0.000094
FILLER_18_37,VSS,Metal1,28.0000,86.2400,0.000083
FILLER_18_34,VSS,Metal1,26.0400,86.2400,0.000081
FILLER_18_23,VSS,Metal1,19.8800,86.2400,0.000083
FILLER_18_2,VSS,Metal1,9.5730,86.7015,0.000083
FILLER_17_252,VSS,Metal1,148.5800,85.8910,0.000124
FILLER_17_172,VSS,Metal1,103.3200,86.2400,0.000124
FILLER_17_151,VSS,Metal1,91.8400,86.2400,0.000124
FILLER_17_108,VSS,Metal1,67.4800,86.2400,0.000119
FILLER_17_104,VSS,Metal1,65.7000,85.8910,0.000117
FILLER_17_88,VSS,Metal1,59.8720,85.6920,0.000111
FILLER_17_80,VSS,Metal1,52.0800,86.2400,0.000109
FILLER_17_72,VSS,Metal1,48.7730,85.7780,0.000108
FILLER_17_63,VSS,Metal1,42.2800,86.2400,0.000106
FILLER_17_61,VSS,Metal1,41.4400,86.2400,0.000096
FILLER_17_57,VSS,Metal1,39.3800,85.8910,0.000096
FILLER_17_49,VSS,Metal1,35.8930,85.7780,0.000094
FILLER_17_43,VSS,Metal1,31.3600,86.2400,0.000089
FILLER_17_35,VSS,Metal1,28.0530,85.7780,0.000083
FILLER_17_10,VSS,Metal1,13.0600,85.8910,0.000083
FILLER_17_2,VSS,Metal1,9.5730,85.7780,0.000083
FILLER_16_174,VSS,Metal1,104.4400,78.4000,0.000031
FILLER_16_172,VSS,Metal1,103.6000,78.4000,0.000031
FILLER_16_161,VSS,Metal1,97.1600,78.4000,0.000024
FILLER_16_159,VSS,Metal1,96.3200,78.4000,0.000024
FILLER_16_118,VSS,Metal1,73.5400,78.7485,0.000023
FILLER_16_113,VSS,Metal1,70.2800,78.4000,0.000022
FILLER_16_111,VSS,Metal1,69.4400,78.4000,0.000022
FILLER_16_107,VSS,Metal1,67.3800,78.7485,0.000022
FILLER_16_104,VSS,Metal1,65.2400,78.4000,0.000022
FILLER_16_102,VSS,Metal1,64.4000,78.4000,0.000022
FILLER_16_94,VSS,Metal1,61.0930,78.8615,0.000022
FILLER_16_83,VSS,Metal1,53.7600,78.4000,0.000021
FILLER_16_75,VSS,Metal1,50.4530,78.8615,0.000021
FILLER_16_62,VSS,Metal1,41.7200,78.4000,0.000019
FILLER_16_58,VSS,Metal1,39.9400,78.7485,0.000019
FILLER_16_45,VSS,Metal1,32.6600,78.7485,0.000017
FILLER_16_37,VSS,Metal1,29.1730,78.8615,0.000016
FILLER_16_24,VSS,Metal1,20.9000,78.7485,0.000016
FILLER_16_10,VSS,Metal1,13.0600,78.7485,0.000016
FILLER_16_2,VSS,Metal1,9.5730,78.8615,0.000016
FILLER_15_214,VSS,Metal1,126.8400,78.4000,0.000031
FILLER_15_212,VSS,Metal1,126.0000,78.4000,0.000031
FILLER_15_139,VSS,Metal1,84.8400,78.4000,0.000023
FILLER_15_137,VSS,Metal1,84.0000,78.4000,0.000023
FILLER_15_89,VSS,Metal1,57.3000,78.0510,0.000022
FILLER_15_81,VSS,Metal1,53.8130,77.9380,0.000021
FILLER_15_68,VSS,Metal1,45.3600,78.4000,0.000021
FILLER_15_58,VSS,Metal1,39.7600,78.4000,0.000019
FILLER_15_54,VSS,Metal1,37.7000,78.0510,0.000018
FILLER_15_41,VSS,Metal1,30.4200,78.0510,0.000016
FILLER_15_33,VSS,Metal1,26.9330,77.9380,0.000016
FILLER_15_2,VSS,Metal1,8.4000,78.4000,0.000016
FILLER_14_177,VSS,Metal1,106.4000,70.5600,0.000037
FILLER_14_157,VSS,Metal1,95.2000,70.5600,0.000036
FILLER_14_109,VSS,Metal1,68.0400,70.5600,0.000034
FILLER_14_107,VSS,Metal1,67.2000,70.5600,0.000034
FILLER_14_104,VSS,Metal1,65.2400,70.5600,0.000034
FILLER_14_96,VSS,Metal1,62.2130,71.0215,0.000034
FILLER_14_80,VSS,Metal1,55.3920,71.1080,0.000033
FILLER_14_69,VSS,Metal1,45.6400,70.5600,0.000032
FILLER_14_67,VSS,Metal1,44.8000,70.5600,0.000032
FILLER_14_59,VSS,Metal1,41.4930,71.0215,0.000031
FILLER_14_33,VSS,Metal1,25.7600,70.5600,0.000025
FILLER_14_10,VSS,Metal1,12.6000,70.5600,0.000026
FILLER_14_2,VSS,Metal1,9.5730,71.0215,0.000026
FILLER_13_226,VSS,Metal1,133.5600,70.5600,0.000038
FILLER_13_224,VSS,Metal1,132.7200,70.5600,0.000038
FILLER_13_212,VSS,Metal1,125.7200,70.5600,0.000038
FILLER_13_176,VSS,Metal1,105.8400,70.5600,0.000037
FILLER_13_155,VSS,Metal1,93.8000,70.5600,0.000036
FILLER_13_144,VSS,Metal1,87.6400,70.5600,0.000034
FILLER_13_142,VSS,Metal1,86.8000,70.5600,0.000034
FILLER_13_131,VSS,Metal1,80.3600,70.5600,0.000034
FILLER_13_92,VSS,Metal1,58.5200,70.5600,0.000033
FILLER_13_90,VSS,Metal1,57.6800,70.5600,0.000033
FILLER_13_54,VSS,Metal1,38.6930,70.0980,0.000031
FILLER_13_44,VSS,Metal1,31.6400,70.5600,0.000026
FILLER_13_40,VSS,Metal1,29.8600,70.2110,0.000026
FILLER_13_18,VSS,Metal1,17.3600,70.5600,0.000026
FILLER_12_177,VSS,Metal1,106.4000,62.7200,0.000193
FILLER_12_104,VSS,Metal1,65.2400,62.7200,0.000178
FILLER_12_85,VSS,Metal1,55.0600,63.0685,0.000178
FILLER_12_64,VSS,Metal1,42.8400,62.7200,0.000145
FILLER_12_62,VSS,Metal1,42.0000,62.7200,0.000145
FILLER_12_54,VSS,Metal1,38.6930,63.1815,0.000139
FILLER_12_37,VSS,Metal1,29.1730,63.1815,0.000120
FILLER_12_31,VSS,Metal1,24.8200,63.0685,0.000110
FILLER_12_23,VSS,Metal1,21.3330,63.1815,0.000110
FILLER_12_6,VSS,Metal1,10.3600,62.7200,0.000110
FILLER_12_2,VSS,Metal1,8.5800,63.0685,0.000110
FILLER_11_223,VSS,Metal1,132.3400,62.3710,0.000206
FILLER_11_212,VSS,Metal1,125.7200,62.7200,0.000206
FILLER_11_176,VSS,Metal1,105.5600,62.7200,0.000193
FILLER_11_174,VSS,Metal1,104.7200,62.7200,0.000190
FILLER_11_151,VSS,Metal1,92.0200,62.3710,0.000183
FILLER_11_144,VSS,Metal1,87.6400,62.7200,0.000182
FILLER_11_142,VSS,Metal1,86.8000,62.7200,0.000180
FILLER_11_138,VSS,Metal1,84.5600,62.7200,0.000178
FILLER_11_44,VSS,Metal1,31.6400,62.7200,0.000121
FILLER_11_42,VSS,Metal1,30.8000,62.7200,0.000121
FILLER_11_38,VSS,Metal1,28.7400,62.3710,0.000120
FILLER_11_2,VSS,Metal1,8.5800,62.3710,0.000110
FILLER_10_244,VSS,Metal1,143.6400,54.8800,0.000158
FILLER_10_242,VSS,Metal1,142.8000,54.8800,0.000158
FILLER_10_179,VSS,Metal1,107.2400,54.8800,0.000152
FILLER_10_177,VSS,Metal1,106.4000,54.8800,0.000149
FILLER_10_167,VSS,Metal1,100.5200,54.8800,0.000148
FILLER_10_148,VSS,Metal1,89.8800,54.8800,0.000146
FILLER_10_146,VSS,Metal1,89.0400,54.8800,0.000146
FILLER_10_142,VSS,Metal1,86.9800,55.2285,0.000146
FILLER_10_107,VSS,Metal1,66.9200,54.8800,0.000139
FILLER_10_104,VSS,Metal1,65.2400,54.8800,0.000139
FILLER_10_102,VSS,Metal1,64.4000,54.8800,0.000139
FILLER_10_41,VSS,Metal1,29.9600,54.8800,0.000113
FILLER_10_37,VSS,Metal1,28.1800,55.2285,0.000113
FILLER_10_24,VSS,Metal1,20.9000,55.2285,0.000113
FILLER_10_16,VSS,Metal1,17.4130,55.3415,0.000113
FILLER_10_10,VSS,Metal1,12.6000,54.8800,0.000113
FILLER_10_2,VSS,Metal1,9.5730,55.3415,0.000113
FILLER_9_178,VSS,Metal1,106.6800,54.8800,0.000149
FILLER_9_157,VSS,Metal1,94.9200,54.8800,0.000147
FILLER_9_155,VSS,Metal1,94.0800,54.8800,0.000147
FILLER_9_151,VSS,Metal1,92.0200,54.5310,0.000147
FILLER_9_139,VSS,Metal1,84.8400,54.8800,0.000143
FILLER_9_135,VSS,Metal1,83.0600,54.5310,0.000143
FILLER_9_127,VSS,Metal1,79.5730,54.4180,0.000143
FILLER_9_77,VSS,Metal1,50.1200,54.8800,0.000139
FILLER_9_42,VSS,Metal1,30.5200,54.8800,0.000113
FILLER_9_34,VSS,Metal1,27.4930,54.4180,0.000112
FILLER_9_23,VSS,Metal1,19.8800,54.8800,0.000113
FILLER_9_12,VSS,Metal1,13.7200,54.8800,0.000113
FILLER_9_10,VSS,Metal1,12.8800,54.8800,0.000113
FILLER_9_2,VSS,Metal1,9.5730,54.4180,0.000113
FILLER_8_255,VSS,Metal1,149.8000,47.0400,0.000060
FILLER_8_244,VSS,Metal1,143.6400,47.0400,0.000060
FILLER_8_242,VSS,Metal1,142.8000,47.0400,0.000060
FILLER_8_177,VSS,Metal1,106.5800,47.3885,0.000059
FILLER_8_163,VSS,Metal1,98.5600,47.0400,0.000057
FILLER_8_155,VSS,Metal1,95.2530,47.5015,0.000057
FILLER_8_127,VSS,Metal1,78.1200,47.0400,0.000055
FILLER_8_125,VSS,Metal1,77.2800,47.0400,0.000054
FILLER_8_121,VSS,Metal1,75.2200,47.3885,0.000054
FILLER_8_111,VSS,Metal1,69.1600,47.0400,0.000052
FILLER_8_89,VSS,Metal1,56.8400,47.0400,0.000051
FILLER_8_87,VSS,Metal1,56.0000,47.0400,0.000051
FILLER_8_83,VSS,Metal1,53.9400,47.3885,0.000051
FILLER_8_65,VSS,Metal1,43.4000,47.0400,0.000048
FILLER_8_43,VSS,Metal1,32.5330,47.5015,0.000047
FILLER_8_34,VSS,Metal1,26.0400,47.0400,0.000019
FILLER_8_32,VSS,Metal1,25.2000,47.0400,0.000019
FILLER_8_22,VSS,Metal1,19.3200,47.0400,0.000019
FILLER_8_20,VSS,Metal1,18.4800,47.0400,0.000019
FILLER_8_8,VSS,Metal1,11.4800,47.0400,0.000019
FILLER_8_6,VSS,Metal1,10.6400,47.0400,0.000019
FILLER_8_2,VSS,Metal1,8.5800,47.3885,0.000019
FILLER_7_226,VSS,Metal1,133.5600,47.0400,0.000060
FILLER_7_193,VSS,Metal1,115.0800,47.0400,0.000060
FILLER_7_167,VSS,Metal1,100.9800,46.6910,0.000058
FILLER_7_159,VSS,Metal1,96.0400,47.0400,0.000057
FILLER_7_151,VSS,Metal1,93.0130,46.5780,0.000057
FILLER_7_118,VSS,Metal1,73.3600,47.0400,0.000053
FILLER_7_80,VSS,Metal1,51.8000,47.0400,0.000050
FILLER_7_78,VSS,Metal1,50.9600,47.0400,0.000050
FILLER_7_72,VSS,Metal1,47.3200,47.0400,0.000050
FILLER_7_66,VSS,Metal1,44.4200,46.6910,0.000050
FILLER_7_37,VSS,Metal1,27.7200,47.0400,0.000021
FILLER_7_35,VSS,Metal1,26.8800,47.0400,0.000020
FILLER_7_31,VSS,Metal1,24.8200,46.6910,0.000019
FILLER_7_8,VSS,Metal1,11.4800,47.0400,0.000019
FILLER_7_6,VSS,Metal1,10.6400,47.0400,0.000019
FILLER_7_2,VSS,Metal1,8.5800,46.6910,0.000019
FILLER_6_255,VSS,Metal1,149.8000,39.2000,0.000043
FILLER_6_241,VSS,Metal1,142.4200,39.5485,0.000043
FILLER_6_186,VSS,Metal1,111.1600,39.2000,0.000042
FILLER_6_174,VSS,Metal1,104.4400,39.2000,0.000042
FILLER_6_172,VSS,Metal1,103.6000,39.2000,0.000042
FILLER_6_154,VSS,Metal1,93.7000,39.5485,0.000041
FILLER_6_146,VSS,Metal1,90.2130,39.6615,0.000041
FILLER_6_131,VSS,Metal1,80.8200,39.5485,0.000041
FILLER_6_115,VSS,Metal1,71.6800,39.2000,0.000039
FILLER_6_107,VSS,Metal1,68.3730,39.6615,0.000038
FILLER_6_101,VSS,Metal1,64.0200,39.5485,0.000038
FILLER_6_93,VSS,Metal1,60.5330,39.6615,0.000038
FILLER_6_81,VSS,Metal1,52.6400,39.2000,0.000038
FILLER_6_77,VSS,Metal1,50.5800,39.5485,0.000037
FILLER_6_66,VSS,Metal1,43.9600,39.2000,0.000032
FILLER_6_62,VSS,Metal1,42.1800,39.5485,0.000032
FILLER_5_167,VSS,Metal1,100.5200,39.2000,0.000042
FILLER_5_165,VSS,Metal1,99.6800,39.2000,0.000042
FILLER_5_160,VSS,Metal1,96.6000,39.2000,0.000041
FILLER_5_158,VSS,Metal1,95.7600,39.2000,0.000041
FILLER_5_142,VSS,Metal1,90.1120,38.6520,0.000041
FILLER_5_124,VSS,Metal1,80.0320,38.6520,0.000041
FILLER_5_115,VSS,Metal1,71.4000,39.2000,0.000039
FILLER_5_72,VSS,Metal1,47.6000,39.2000,0.000032
FILLER_5_69,VSS,Metal1,45.6400,39.2000,0.000032
FILLER_5_67,VSS,Metal1,44.8000,39.2000,0.000032
FILLER_5_22,VSS,Metal1,19.6000,39.2000,0.000032
FILLER_5_4,VSS,Metal1,9.2400,39.2000,0.000032
FILLER_5_2,VSS,Metal1,8.4000,39.2000,0.000032
FILLER_4_255,VSS,Metal1,149.8000,31.3600,0.000035
FILLER_4_253,VSS,Metal1,148.9600,31.3600,0.000035
FILLER_4_227,VSS,Metal1,134.4000,31.3600,0.000034
FILLER_4_188,VSS,Metal1,112.2800,31.3600,0.000034
FILLER_4_159,VSS,Metal1,96.0400,31.3600,0.000033
FILLER_4_154,VSS,Metal1,93.2400,31.3600,0.000030
FILLER_4_129,VSS,Metal1,79.7000,31.7085,0.000029
FILLER_4_121,VSS,Metal1,76.2130,31.8215,0.000028
FILLER_4_107,VSS,Metal1,67.2000,31.3600,0.000028
FILLER_4_103,VSS,Metal1,64.9600,31.3600,0.000027
FILLER_4_87,VSS,Metal1,59.3120,31.9080,0.000027
FILLER_4_72,VSS,Metal1,47.3200,31.3600,0.000025
FILLER_4_70,VSS,Metal1,46.4800,31.3600,0.000024
FILLER_4_31,VSS,Metal1,24.8200,31.7085,0.000023
FILLER_3_181,VSS,Metal1,108.6400,31.3600,0.000034
FILLER_3_157,VSS,Metal1,94.9200,31.3600,0.000030
FILLER_3_153,VSS,Metal1,93.1400,31.0110,0.000030
FILLER_3_127,VSS,Metal1,78.4000,31.3600,0.000028
FILLER_3_100,VSS,Metal1,63.2800,31.3600,0.000027
FILLER_3_92,VSS,Metal1,59.9730,30.8980,0.000027
FILLER_3_72,VSS,Metal1,47.7800,31.0110,0.000025
FILLER_3_59,VSS,Metal1,40.0400,31.3600,0.000023
FILLER_3_57,VSS,Metal1,39.2000,31.3600,0.000023
FILLER_3_26,VSS,Metal1,21.8400,31.3600,0.000023
FILLER_2_227,VSS,Metal1,134.4000,23.5200,0.000065
FILLER_2_164,VSS,Metal1,98.8400,23.5200,0.000064
FILLER_2_160,VSS,Metal1,97.0600,23.8685,0.000064
FILLER_2_130,VSS,Metal1,79.8000,23.5200,0.000059
FILLER_2_107,VSS,Metal1,66.9200,23.5200,0.000059
FILLER_2_100,VSS,Metal1,63.0000,23.5200,0.000055
FILLER_2_98,VSS,Metal1,62.1600,23.5200,0.000055
FILLER_2_94,VSS,Metal1,60.1000,23.8685,0.000055
FILLER_2_37,VSS,Metal1,28.0000,23.5200,0.000054
FILLER_1_187,VSS,Metal1,111.7200,23.5200,0.000064
FILLER_1_154,VSS,Metal1,93.7000,23.1710,0.000061
FILLER_1_131,VSS,Metal1,80.8200,23.1710,0.000060
FILLER_1_72,VSS,Metal1,47.3200,23.5200,0.000055
FILLER_1_10,VSS,Metal1,12.8800,23.5200,0.000054
FILLER_1_2,VSS,Metal1,9.5730,23.0580,0.000054
FILLER_0_208,VSS,Metal1,123.4800,15.6800,0.000036
FILLER_0_206,VSS,Metal1,122.6400,15.6800,0.000036
FILLER_0_202,VSS,Metal1,120.4000,15.6800,0.000035
FILLER_0_172,VSS,Metal1,103.3200,15.6800,0.000035
FILLER_0_154,VSS,Metal1,93.7000,16.0285,0.000033
FILLER_0_138,VSS,Metal1,87.8720,16.2280,0.000033
FILLER_0_135,VSS,Metal1,82.6000,15.6800,0.000033
FILLER_0_133,VSS,Metal1,81.7600,15.6800,0.000031
FILLER_0_94,VSS,Metal1,61.0930,16.1415,0.000029
FILLER_0_78,VSS,Metal1,54.2720,16.2280,0.000028
FILLER_0_67,VSS,Metal1,44.5200,15.6800,0.000026
FILLER_0_65,VSS,Metal1,43.6800,15.6800,0.000024
FILLER_0_61,VSS,Metal1,41.6200,16.0285,0.000024
FILLER_0_33,VSS,Metal1,25.4800,15.6800,0.000021
FILLER_0_31,VSS,Metal1,24.6400,15.6800,0.000022
hold60,VSS,Metal1,85.4575,94.4375,0.000044
hold59,VSS,Metal1,70.8975,31.0025,0.000028
hold58,VSS,Metal1,129.0225,156.4425,0.000011
hold57,VSS,Metal1,125.2175,86.5975,0.000124
hold56,VSS,Metal1,115.1375,140.7625,0.000043
hold55,VSS,Metal1,97.6625,149.3175,0.000066
hold54,VSS,Metal1,134.0625,94.4375,0.000047
hold53,VSS,Metal1,136.4175,141.4775,0.000043
hold52,VSS,Metal1,108.9775,117.2425,0.000130
hold51,VSS,Metal1,136.8625,78.7575,0.000031
hold50,VSS,Metal1,97.6625,133.6375,0.000058
hold49,VSS,Metal1,113.9025,156.4425,0.000011
hold48,VSS,Metal1,136.9775,125.7975,0.000066
hold47,VSS,Metal1,140.8975,85.8825,0.000124
hold46,VSS,Metal1,101.0225,140.7625,0.000043
hold45,VSS,Metal1,143.0225,78.0425,0.000031
hold44,VSS,Metal1,116.8175,93.7225,0.000046
hold43,VSS,Metal1,96.0975,125.0825,0.000065
hold42,VSS,Metal1,34.3825,31.7175,0.000023
hold41,VSS,Metal1,79.8575,63.0775,0.000178
hold40,VSS,Metal1,31.6975,38.8425,0.000031
hold39,VSS,Metal1,78.1775,85.8825,0.000124
hold38,VSS,Metal1,34.4975,133.6375,0.000053
hold37,VSS,Metal1,18.7025,149.3175,0.000051
hold36,VSS,Metal1,33.9375,16.0375,0.000022
clkload6,VSS,Metal1,122.5165,101.5030,0.000068
clkload5,VSS,Metal1,107.5730,125.9090,0.000066
clkload4,VSS,Metal1,128.6500,62.2675,0.000206
clkload3,VSS,Metal1,119.1130,62.1750,0.000206
clkload2,VSS,Metal1,62.5700,110.2125,0.000189
clkload1,VSS,Metal1,54.1700,70.1075,0.000033
clkload0,VSS,Metal1,40.7130,54.3350,0.000139
clkbuf_3_7__f_CLK_I,VSS,Metal1,130.8935,110.3580,0.000205
clkbuf_3_6__f_CLK_I,VSS,Metal1,120.8135,118.1980,0.000130
clkbuf_3_5__f_CLK_I,VSS,Metal1,130.8935,63.3180,0.000206
clkbuf_3_4__f_CLK_I,VSS,Metal1,129.2135,55.4780,0.000158
clkbuf_3_3__f_CLK_I,VSS,Metal1,70.4135,109.1615,0.000189
clkbuf_3_2__f_CLK_I,VSS,Metal1,44.9460,110.3580,0.000187
clkbuf_3_1__f_CLK_I,VSS,Metal1,66.4935,62.1215,0.000178
clkbuf_3_0__f_CLK_I,VSS,Metal1,48.8660,55.4780,0.000139
clkbuf_0_CLK_I,VSS,Metal1,89.7460,86.8380,0.000124
max_cap35,VSS,Metal1,99.9050,101.5650,0.000066
max_cap34,VSS,Metal1,42.2250,140.7650,0.000035
output33,VSS,Metal1,12.4430,110.0805,0.000172
output32,VSS,Metal1,12.4430,70.2390,0.000026
output31,VSS,Metal1,145.4765,156.4790,0.000011
output30,VSS,Metal1,100.1165,125.7605,0.000066
output29,VSS,Metal1,97.3165,156.4790,0.000011
output28,VSS,Metal1,86.1165,149.2805,0.000066
output27,VSS,Metal1,111.3165,110.0805,0.000205
output26,VSS,Metal1,119.7165,132.9590,0.000059
output25,VSS,Metal1,90.5965,132.9590,0.000058
output24,VSS,Metal1,139.3165,117.9205,0.000131
output23,VSS,Metal1,139.3165,86.5605,0.000124
output22,VSS,Metal1,110.7565,85.9190,0.000124
output21,VSS,Metal1,78.2765,156.4790,0.000011
output20,VSS,Metal1,119.7165,54.5590,0.000158
output19,VSS,Metal1,119.7165,46.7190,0.000060
output18,VSS,Metal1,139.3165,23.8405,0.000065
output17,VSS,Metal1,116.9165,47.3605,0.000060
output16,VSS,Metal1,145.4765,16.0005,0.000036
output15,VSS,Metal1,119.7165,38.8790,0.000043
output14,VSS,Metal1,119.7165,31.0390,0.000034
output13,VSS,Metal1,119.7165,23.1990,0.000064
input12,VSS,Metal1,12.1965,31.0390,0.000023
input11,VSS,Metal1,12.1965,156.4790,0.000008
input10,VSS,Metal1,113.2430,23.8405,0.000064
input9,VSS,Metal1,131.4765,78.0790,0.000031
input8,VSS,Metal1,111.0030,78.0790,0.000031
input7,VSS,Metal1,119.7165,85.9190,0.000124
input6,VSS,Metal1,119.7165,78.0790,0.000031
input5,VSS,Metal1,117.1630,70.8805,0.000038
input4,VSS,Metal1,111.3165,63.0405,0.000197
input3,VSS,Metal1,119.7165,70.2390,0.000038
input2,VSS,Metal1,139.5630,31.6805,0.000035
input1,VSS,Metal1,88.3565,156.4790,0.000011
TAP_TAPCELL_ROW_35_204,VSS,Metal1,140.5600,156.3305,0.000011
TAP_TAPCELL_ROW_35_203,VSS,Metal1,121.5200,156.3305,0.000011
TAP_TAPCELL_ROW_35_202,VSS,Metal1,102.4800,156.3305,0.000011
TAP_TAPCELL_ROW_35_201,VSS,Metal1,83.4400,156.3305,0.000011
TAP_TAPCELL_ROW_35_200,VSS,Metal1,64.4000,156.3305,0.000010
TAP_TAPCELL_ROW_35_199,VSS,Metal1,45.3600,156.3305,0.000009
TAP_TAPCELL_ROW_35_198,VSS,Metal1,26.3200,156.3305,0.000007
TAP_TAPCELL_ROW_34_197,VSS,Metal1,144.4800,149.4290,0.000067
TAP_TAPCELL_ROW_34_196,VSS,Metal1,105.2800,149.4290,0.000067
TAP_TAPCELL_ROW_34_195,VSS,Metal1,66.0800,149.4290,0.000062
TAP_TAPCELL_ROW_34_194,VSS,Metal1,26.8800,149.4290,0.000054
TAP_TAPCELL_ROW_33_193,VSS,Metal1,124.8800,148.4905,0.000067
TAP_TAPCELL_ROW_33_192,VSS,Metal1,85.6800,148.4905,0.000066
TAP_TAPCELL_ROW_33_191,VSS,Metal1,46.4800,148.4905,0.000057
TAP_TAPCELL_ROW_32_190,VSS,Metal1,144.4800,141.5890,0.000043
TAP_TAPCELL_ROW_32_189,VSS,Metal1,105.2800,141.5890,0.000043
TAP_TAPCELL_ROW_32_188,VSS,Metal1,66.0800,141.5890,0.000039
TAP_TAPCELL_ROW_32_187,VSS,Metal1,26.8800,141.5890,0.000035
TAP_TAPCELL_ROW_31_186,VSS,Metal1,124.8800,140.6505,0.000043
TAP_TAPCELL_ROW_31_185,VSS,Metal1,85.6800,140.6505,0.000043
TAP_TAPCELL_ROW_31_184,VSS,Metal1,46.4800,140.6505,0.000035
TAP_TAPCELL_ROW_30_183,VSS,Metal1,144.4800,133.7490,0.000060
TAP_TAPCELL_ROW_30_182,VSS,Metal1,105.2800,133.7490,0.000058
TAP_TAPCELL_ROW_30_181,VSS,Metal1,66.0800,133.7490,0.000057
TAP_TAPCELL_ROW_30_180,VSS,Metal1,26.8800,133.7490,0.000052
TAP_TAPCELL_ROW_29_179,VSS,Metal1,124.8800,132.8105,0.000059
TAP_TAPCELL_ROW_29_178,VSS,Metal1,85.6800,132.8105,0.000058
TAP_TAPCELL_ROW_29_177,VSS,Metal1,46.4800,132.8105,0.000054
TAP_TAPCELL_ROW_28_176,VSS,Metal1,144.4800,125.9090,0.000066
TAP_TAPCELL_ROW_28_175,VSS,Metal1,105.2800,125.9090,0.000066
TAP_TAPCELL_ROW_28_174,VSS,Metal1,66.0800,125.9090,0.000065
TAP_TAPCELL_ROW_28_173,VSS,Metal1,26.8800,125.9090,0.000048
TAP_TAPCELL_ROW_27_172,VSS,Metal1,124.8800,124.9705,0.000066
TAP_TAPCELL_ROW_27_171,VSS,Metal1,85.6800,124.9705,0.000065
TAP_TAPCELL_ROW_27_170,VSS,Metal1,46.4800,124.9705,0.000059
TAP_TAPCELL_ROW_26_169,VSS,Metal1,144.4800,118.0690,0.000131
TAP_TAPCELL_ROW_26_168,VSS,Metal1,105.2800,118.0690,0.000130
TAP_TAPCELL_ROW_26_167,VSS,Metal1,66.0800,118.0690,0.000120
TAP_TAPCELL_ROW_26_166,VSS,Metal1,26.8800,118.0690,0.000106
TAP_TAPCELL_ROW_25_165,VSS,Metal1,124.8800,117.1305,0.000130
TAP_TAPCELL_ROW_25_164,VSS,Metal1,85.6800,117.1305,0.000126
TAP_TAPCELL_ROW_25_163,VSS,Metal1,46.4800,117.1305,0.000111
TAP_TAPCELL_ROW_24_162,VSS,Metal1,144.4800,110.2290,0.000205
TAP_TAPCELL_ROW_24_161,VSS,Metal1,105.2800,110.2290,0.000202
TAP_TAPCELL_ROW_24_160,VSS,Metal1,66.0800,110.2290,0.000189
TAP_TAPCELL_ROW_24_159,VSS,Metal1,26.8800,110.2290,0.000175
TAP_TAPCELL_ROW_23_158,VSS,Metal1,124.8800,109.2905,0.000205
TAP_TAPCELL_ROW_23_157,VSS,Metal1,85.6800,109.2905,0.000193
TAP_TAPCELL_ROW_23_156,VSS,Metal1,46.4800,109.2905,0.000187
TAP_TAPCELL_ROW_22_155,VSS,Metal1,144.4800,102.3890,0.000068
TAP_TAPCELL_ROW_22_154,VSS,Metal1,105.2800,102.3890,0.000066
TAP_TAPCELL_ROW_22_153,VSS,Metal1,66.0800,102.3890,0.000064
TAP_TAPCELL_ROW_22_152,VSS,Metal1,26.8800,102.3890,0.000039
TAP_TAPCELL_ROW_21_151,VSS,Metal1,124.8800,101.4505,0.000068
TAP_TAPCELL_ROW_21_150,VSS,Metal1,85.6800,101.4505,0.000065
TAP_TAPCELL_ROW_21_149,VSS,Metal1,46.4800,101.4505,0.000043
TAP_TAPCELL_ROW_20_148,VSS,Metal1,144.4800,94.5490,0.000047
TAP_TAPCELL_ROW_20_147,VSS,Metal1,105.2800,94.5490,0.000046
TAP_TAPCELL_ROW_20_146,VSS,Metal1,66.0800,94.5490,0.000043
TAP_TAPCELL_ROW_20_145,VSS,Metal1,26.8800,94.5490,0.000033
TAP_TAPCELL_ROW_19_144,VSS,Metal1,124.8800,93.6105,0.000046
TAP_TAPCELL_ROW_19_143,VSS,Metal1,85.6800,93.6105,0.000044
TAP_TAPCELL_ROW_19_142,VSS,Metal1,46.4800,93.6105,0.000041
TAP_TAPCELL_ROW_18_141,VSS,Metal1,144.4800,86.7090,0.000124
TAP_TAPCELL_ROW_18_140,VSS,Metal1,105.2800,86.7090,0.000124
TAP_TAPCELL_ROW_18_139,VSS,Metal1,66.0800,86.7090,0.000117
TAP_TAPCELL_ROW_18_138,VSS,Metal1,26.8800,86.7090,0.000083
TAP_TAPCELL_ROW_17_137,VSS,Metal1,124.8800,85.7705,0.000124
TAP_TAPCELL_ROW_17_136,VSS,Metal1,85.6800,85.7705,0.000124
TAP_TAPCELL_ROW_17_135,VSS,Metal1,46.4800,85.7705,0.000106
TAP_TAPCELL_ROW_16_134,VSS,Metal1,144.4800,78.8690,0.000031
TAP_TAPCELL_ROW_16_133,VSS,Metal1,105.2800,78.8690,0.000031
TAP_TAPCELL_ROW_16_132,VSS,Metal1,66.0800,78.8690,0.000022
TAP_TAPCELL_ROW_16_131,VSS,Metal1,26.8800,78.8690,0.000016
TAP_TAPCELL_ROW_15_130,VSS,Metal1,124.8800,77.9305,0.000031
TAP_TAPCELL_ROW_15_129,VSS,Metal1,85.6800,77.9305,0.000023
TAP_TAPCELL_ROW_15_128,VSS,Metal1,46.4800,77.9305,0.000021
TAP_TAPCELL_ROW_14_127,VSS,Metal1,144.4800,71.0290,0.000038
TAP_TAPCELL_ROW_14_126,VSS,Metal1,105.2800,71.0290,0.000037
TAP_TAPCELL_ROW_14_125,VSS,Metal1,66.0800,71.0290,0.000034
TAP_TAPCELL_ROW_14_124,VSS,Metal1,26.8800,71.0290,0.000026
TAP_TAPCELL_ROW_13_123,VSS,Metal1,124.8800,70.0905,0.000038
TAP_TAPCELL_ROW_13_122,VSS,Metal1,85.6800,70.0905,0.000034
TAP_TAPCELL_ROW_13_121,VSS,Metal1,46.4800,70.0905,0.000032
TAP_TAPCELL_ROW_12_120,VSS,Metal1,144.4800,63.1890,0.000206
TAP_TAPCELL_ROW_12_119,VSS,Metal1,105.2800,63.1890,0.000192
TAP_TAPCELL_ROW_12_118,VSS,Metal1,66.0800,63.1890,0.000178
TAP_TAPCELL_ROW_12_117,VSS,Metal1,26.8800,63.1890,0.000117
TAP_TAPCELL_ROW_11_116,VSS,Metal1,124.8800,62.2505,0.000206
TAP_TAPCELL_ROW_11_115,VSS,Metal1,85.6800,62.2505,0.000179
TAP_TAPCELL_ROW_11_114,VSS,Metal1,46.4800,62.2505,0.000162
TAP_TAPCELL_ROW_10_113,VSS,Metal1,144.4800,55.3490,0.000158
TAP_TAPCELL_ROW_10_112,VSS,Metal1,105.2800,55.3490,0.000149
TAP_TAPCELL_ROW_10_111,VSS,Metal1,66.0800,55.3490,0.000139
TAP_TAPCELL_ROW_10_110,VSS,Metal1,26.8800,55.3490,0.000112
TAP_TAPCELL_ROW_9_109,VSS,Metal1,124.8800,54.4105,0.000158
TAP_TAPCELL_ROW_9_108,VSS,Metal1,85.6800,54.4105,0.000143
TAP_TAPCELL_ROW_9_107,VSS,Metal1,46.4800,54.4105,0.000139
TAP_TAPCELL_ROW_8_106,VSS,Metal1,144.4800,47.5090,0.000060
TAP_TAPCELL_ROW_8_105,VSS,Metal1,105.2800,47.5090,0.000058
TAP_TAPCELL_ROW_8_104,VSS,Metal1,66.0800,47.5090,0.000052
TAP_TAPCELL_ROW_8_103,VSS,Metal1,26.8800,47.5090,0.000020
TAP_TAPCELL_ROW_7_102,VSS,Metal1,124.8800,46.5705,0.000060
TAP_TAPCELL_ROW_7_101,VSS,Metal1,85.6800,46.5705,0.000056
TAP_TAPCELL_ROW_7_100,VSS,Metal1,46.4800,46.5705,0.000050
TAP_TAPCELL_ROW_6_99,VSS,Metal1,144.4800,39.6690,0.000043
TAP_TAPCELL_ROW_6_98,VSS,Metal1,105.2800,39.6690,0.000042
TAP_TAPCELL_ROW_6_97,VSS,Metal1,66.0800,39.6690,0.000038
TAP_TAPCELL_ROW_6_96,VSS,Metal1,26.8800,39.6690,0.000031
TAP_TAPCELL_ROW_5_95,VSS,Metal1,124.8800,38.7305,0.000043
TAP_TAPCELL_ROW_5_94,VSS,Metal1,85.6800,38.7305,0.000041
TAP_TAPCELL_ROW_5_93,VSS,Metal1,46.4800,38.7305,0.000032
TAP_TAPCELL_ROW_4_92,VSS,Metal1,144.4800,31.8290,0.000035
TAP_TAPCELL_ROW_4_91,VSS,Metal1,105.2800,31.8290,0.000034
TAP_TAPCELL_ROW_4_90,VSS,Metal1,66.0800,31.8290,0.000028
TAP_TAPCELL_ROW_4_89,VSS,Metal1,26.8800,31.8290,0.000023
TAP_TAPCELL_ROW_3_88,VSS,Metal1,124.8800,30.8905,0.000034
TAP_TAPCELL_ROW_3_87,VSS,Metal1,85.6800,30.8905,0.000030
TAP_TAPCELL_ROW_3_86,VSS,Metal1,46.4800,30.8905,0.000024
TAP_TAPCELL_ROW_2_85,VSS,Metal1,144.4800,23.9890,0.000065
TAP_TAPCELL_ROW_2_84,VSS,Metal1,105.2800,23.9890,0.000064
TAP_TAPCELL_ROW_2_83,VSS,Metal1,66.0800,23.9890,0.000059
TAP_TAPCELL_ROW_2_82,VSS,Metal1,26.8800,23.9890,0.000053
TAP_TAPCELL_ROW_1_81,VSS,Metal1,124.8800,23.0505,0.000065
TAP_TAPCELL_ROW_1_80,VSS,Metal1,85.6800,23.0505,0.000061
TAP_TAPCELL_ROW_1_79,VSS,Metal1,46.4800,23.0505,0.000055
TAP_TAPCELL_ROW_0_78,VSS,Metal1,140.5600,16.1490,0.000036
TAP_TAPCELL_ROW_0_77,VSS,Metal1,121.5200,16.1490,0.000036
TAP_TAPCELL_ROW_0_76,VSS,Metal1,102.4800,16.1490,0.000035
TAP_TAPCELL_ROW_0_75,VSS,Metal1,83.4400,16.1490,0.000033
TAP_TAPCELL_ROW_0_74,VSS,Metal1,64.4000,16.1490,0.000030
TAP_TAPCELL_ROW_0_73,VSS,Metal1,45.3600,16.1490,0.000026
TAP_TAPCELL_ROW_0_72,VSS,Metal1,26.3200,16.1490,0.000021
PHY_EDGE_ROW_35_Left_71,VSS,Metal1,7.2730,156.3300,0.000008
PHY_EDGE_ROW_34_Left_70,VSS,Metal1,7.2730,149.4300,0.000051
PHY_EDGE_ROW_33_Left_69,VSS,Metal1,7.2730,148.4900,0.000051
PHY_EDGE_ROW_32_Left_68,VSS,Metal1,7.2730,141.5900,0.000035
PHY_EDGE_ROW_31_Left_67,VSS,Metal1,7.2730,140.6500,0.000035
PHY_EDGE_ROW_30_Left_66,VSS,Metal1,7.2730,133.7500,0.000049
PHY_EDGE_ROW_29_Left_65,VSS,Metal1,7.2730,132.8100,0.000049
PHY_EDGE_ROW_28_Left_64,VSS,Metal1,7.2730,125.9100,0.000049
PHY_EDGE_ROW_27_Left_63,VSS,Metal1,7.2730,124.9700,0.000049
PHY_EDGE_ROW_26_Left_62,VSS,Metal1,7.2730,118.0700,0.000105
PHY_EDGE_ROW_25_Left_61,VSS,Metal1,7.2730,117.1300,0.000105
PHY_EDGE_ROW_24_Left_60,VSS,Metal1,7.2730,110.2300,0.000172
PHY_EDGE_ROW_23_Left_59,VSS,Metal1,7.2730,109.2900,0.000172
PHY_EDGE_ROW_22_Left_58,VSS,Metal1,7.2730,102.3900,0.000036
PHY_EDGE_ROW_21_Left_57,VSS,Metal1,7.2730,101.4500,0.000036
PHY_EDGE_ROW_20_Left_56,VSS,Metal1,7.2730,94.5500,0.000032
PHY_EDGE_ROW_19_Left_55,VSS,Metal1,7.2730,93.6100,0.000032
PHY_EDGE_ROW_18_Left_54,VSS,Metal1,7.2730,86.7100,0.000083
PHY_EDGE_ROW_17_Left_53,VSS,Metal1,7.2730,85.7700,0.000083
PHY_EDGE_ROW_16_Left_52,VSS,Metal1,7.2730,78.8700,0.000016
PHY_EDGE_ROW_15_Left_51,VSS,Metal1,7.2730,77.9300,0.000016
PHY_EDGE_ROW_14_Left_50,VSS,Metal1,7.2730,71.0300,0.000026
PHY_EDGE_ROW_13_Left_49,VSS,Metal1,7.2730,70.0900,0.000026
PHY_EDGE_ROW_12_Left_48,VSS,Metal1,7.2730,63.1900,0.000110
PHY_EDGE_ROW_11_Left_47,VSS,Metal1,7.2730,62.2500,0.000110
PHY_EDGE_ROW_10_Left_46,VSS,Metal1,7.2730,55.3500,0.000113
PHY_EDGE_ROW_9_Left_45,VSS,Metal1,7.2730,54.4100,0.000113
PHY_EDGE_ROW_8_Left_44,VSS,Metal1,7.2730,47.5100,0.000019
PHY_EDGE_ROW_7_Left_43,VSS,Metal1,7.2730,46.5700,0.000019
PHY_EDGE_ROW_6_Left_42,VSS,Metal1,7.2730,39.6700,0.000032
PHY_EDGE_ROW_5_Left_41,VSS,Metal1,7.2730,38.7300,0.000032
PHY_EDGE_ROW_4_Left_40,VSS,Metal1,7.2730,31.8300,0.000023
PHY_EDGE_ROW_3_Left_39,VSS,Metal1,7.2730,30.8900,0.000023
PHY_EDGE_ROW_2_Left_38,VSS,Metal1,7.2730,23.9900,0.000054
PHY_EDGE_ROW_1_Left_37,VSS,Metal1,7.2730,23.0500,0.000054
PHY_EDGE_ROW_0_Left_36,VSS,Metal1,7.2730,16.1500,0.000022
PHY_EDGE_ROW_35_Right_35,VSS,Metal1,150.6465,156.3300,0.000011
PHY_EDGE_ROW_34_Right_34,VSS,Metal1,150.6465,149.4300,0.000067
PHY_EDGE_ROW_33_Right_33,VSS,Metal1,150.6465,148.4900,0.000067
PHY_EDGE_ROW_32_Right_32,VSS,Metal1,150.6465,141.5900,0.000043
PHY_EDGE_ROW_31_Right_31,VSS,Metal1,150.6465,140.6500,0.000043
PHY_EDGE_ROW_30_Right_30,VSS,Metal1,150.6465,133.7500,0.000060
PHY_EDGE_ROW_29_Right_29,VSS,Metal1,150.6465,132.8100,0.000060
PHY_EDGE_ROW_28_Right_28,VSS,Metal1,150.6465,125.9100,0.000066
PHY_EDGE_ROW_27_Right_27,VSS,Metal1,150.6465,124.9700,0.000066
PHY_EDGE_ROW_26_Right_26,VSS,Metal1,150.6465,118.0700,0.000131
PHY_EDGE_ROW_25_Right_25,VSS,Metal1,150.6465,117.1300,0.000131
PHY_EDGE_ROW_24_Right_24,VSS,Metal1,150.6465,110.2300,0.000205
PHY_EDGE_ROW_23_Right_23,VSS,Metal1,150.6465,109.2900,0.000205
PHY_EDGE_ROW_22_Right_22,VSS,Metal1,150.6465,102.3900,0.000068
PHY_EDGE_ROW_21_Right_21,VSS,Metal1,150.6465,101.4500,0.000068
PHY_EDGE_ROW_20_Right_20,VSS,Metal1,150.6465,94.5500,0.000047
PHY_EDGE_ROW_19_Right_19,VSS,Metal1,150.6465,93.6100,0.000047
PHY_EDGE_ROW_18_Right_18,VSS,Metal1,150.6465,86.7100,0.000124
PHY_EDGE_ROW_17_Right_17,VSS,Metal1,150.6465,85.7700,0.000124
PHY_EDGE_ROW_16_Right_16,VSS,Metal1,150.6465,78.8700,0.000031
PHY_EDGE_ROW_15_Right_15,VSS,Metal1,150.6465,77.9300,0.000031
PHY_EDGE_ROW_14_Right_14,VSS,Metal1,150.6465,71.0300,0.000038
PHY_EDGE_ROW_13_Right_13,VSS,Metal1,150.6465,70.0900,0.000038
PHY_EDGE_ROW_12_Right_12,VSS,Metal1,150.6465,63.1900,0.000206
PHY_EDGE_ROW_11_Right_11,VSS,Metal1,150.6465,62.2500,0.000206
PHY_EDGE_ROW_10_Right_10,VSS,Metal1,150.6465,55.3500,0.000158
PHY_EDGE_ROW_9_Right_9,VSS,Metal1,150.6465,54.4100,0.000158
PHY_EDGE_ROW_8_Right_8,VSS,Metal1,150.6465,47.5100,0.000060
PHY_EDGE_ROW_7_Right_7,VSS,Metal1,150.6465,46.5700,0.000060
PHY_EDGE_ROW_6_Right_6,VSS,Metal1,150.6465,39.6700,0.000043
PHY_EDGE_ROW_5_Right_5,VSS,Metal1,150.6465,38.7300,0.000043
PHY_EDGE_ROW_4_Right_4,VSS,Metal1,150.6465,31.8300,0.000035
PHY_EDGE_ROW_3_Right_3,VSS,Metal1,150.6465,30.8900,0.000035
PHY_EDGE_ROW_2_Right_2,VSS,Metal1,150.6465,23.9900,0.000065
PHY_EDGE_ROW_1_Right_1,VSS,Metal1,150.6465,23.0500,0.000065
PHY_EDGE_ROW_0_Right_0,VSS,Metal1,150.6465,16.1500,0.000036
_902_,VSS,Metal1,71.6900,149.2510,0.000066
_901_,VSS,Metal1,21.4430,23.0015,0.000054
_900_,VSS,Metal1,15.8430,16.1980,0.000022
_899_,VSS,Metal1,18.0830,141.6380,0.000035
_898_,VSS,Metal1,16.0765,148.4415,0.000051
_897_,VSS,Metal1,22.5630,124.9215,0.000049
_896_,VSS,Metal1,17.5230,132.7615,0.000049
_895_,VSS,Metal1,83.0430,78.9180,0.000023
_894_,VSS,Metal1,80.8030,71.0780,0.000034
_893_,VSS,Metal1,121.6830,78.9180,0.000031
_892_,VSS,Metal1,129.5230,71.0780,0.000038
_891_,VSS,Metal1,66.8030,77.8815,0.000022
_890_,VSS,Metal1,66.8030,70.0415,0.000034
_889_,VSS,Metal1,129.7565,47.5580,0.000060
_888_,VSS,Metal1,128.6365,39.7180,0.000043
_887_,VSS,Metal1,125.6030,31.8780,0.000034
_886_,VSS,Metal1,103.2030,23.0015,0.000064
_885_,VSS,Metal1,111.6030,16.1980,0.000035
_884_,VSS,Metal1,88.3165,24.0380,0.000061
_883_,VSS,Metal1,71.8430,23.0015,0.000059
_882_,VSS,Metal1,72.9630,16.1980,0.000031
_881_,VSS,Metal1,121.3565,125.9580,0.000066
_880_,VSS,Metal1,116.8765,133.7980,0.000059
_879_,VSS,Metal1,96.4830,118.1180,0.000129
_878_,VSS,Metal1,103.2030,132.7615,0.000058
_877_,VSS,Metal1,118.8830,94.5980,0.000046
_876_,VSS,Metal1,113.2830,109.2415,0.000205
_875_,VSS,Metal1,96.4830,102.4380,0.000066
_874_,VSS,Metal1,101.5230,93.5615,0.000046
_873_,VSS,Metal1,94.2430,148.4415,0.000066
_872_,VSS,Metal1,85.2830,125.9580,0.000065
_871_,VSS,Metal1,77.1165,148.4415,0.000066
_870_,VSS,Metal1,70.7230,132.7615,0.000057
_869_,VSS,Metal1,90.5565,141.6380,0.000043
_868_,VSS,Metal1,68.1565,124.9215,0.000065
_867_,VSS,Metal1,57.5165,118.1180,0.000120
_866_,VSS,Metal1,72.9630,101.4015,0.000064
_865_,VSS,Metal1,141.8430,148.4415,0.000067
_864_,VSS,Metal1,141.8430,70.0415,0.000038
_863_,VSS,Metal1,133.6765,140.6015,0.000043
_862_,VSS,Metal1,135.9165,133.7980,0.000060
_861_,VSS,Metal1,142.0765,132.7615,0.000060
_860_,VSS,Metal1,142.0765,124.9215,0.000066
_859_,VSS,Metal1,141.8430,117.0815,0.000131
_858_,VSS,Metal1,142.0765,109.2415,0.000205
_857_,VSS,Metal1,142.0765,101.4015,0.000068
_856_,VSS,Metal1,141.8430,93.5615,0.000047
_855_,VSS,Metal1,141.8430,62.2015,0.000206
_854_,VSS,Metal1,141.8430,54.3615,0.000158
_853_,VSS,Metal1,141.8430,46.5215,0.000060
_852_,VSS,Metal1,141.8430,38.6815,0.000043
_851_,VSS,Metal1,133.4430,23.0015,0.000065
_850_,VSS,Metal1,131.7630,16.1980,0.000036
_849_,VSS,Metal1,141.8430,30.8415,0.000035
_848_,VSS,Metal1,125.8365,24.0380,0.000065
_847_,VSS,Metal1,45.5230,24.0380,0.000055
_846_,VSS,Metal1,15.8430,133.7980,0.000049
_845_,VSS,Metal1,15.8430,31.8780,0.000023
_844_,VSS,Metal1,37.6830,23.0015,0.000055
_843_,VSS,Metal1,48.8830,149.4780,0.000057
_842_,VSS,Metal1,42.1630,141.6380,0.000035
_841_,VSS,Metal1,33.7630,148.4415,0.000055
_840_,VSS,Metal1,30.9630,140.6015,0.000035
_839_,VSS,Metal1,33.9965,132.7615,0.000053
_838_,VSS,Metal1,37.6830,125.9580,0.000057
_837_,VSS,Metal1,37.6830,117.0815,0.000109
_836_,VSS,Metal1,15.8430,39.7180,0.000032
_835_,VSS,Metal1,15.8430,93.5615,0.000032
_834_,VSS,Metal1,37.6830,101.4015,0.000041
_833_,VSS,Metal1,35.6765,109.2415,0.000186
_832_,VSS,Metal1,16.4030,118.1180,0.000105
_831_,VSS,Metal1,30.6365,30.8415,0.000023
_830_,VSS,Metal1,15.8430,24.0380,0.000054
_829_,VSS,Metal1,55.6030,23.0015,0.000055
_828_,VSS,Metal1,62.8830,38.6815,0.000038
_827_,VSS,Metal1,64.5630,46.5215,0.000052
_826_,VSS,Metal1,63.4430,54.3615,0.000139
_825_,VSS,Metal1,113.8430,149.4780,0.000067
_824_,VSS,Metal1,130.0830,149.4780,0.000067
_823_,VSS,Metal1,110.4830,148.4415,0.000067
_822_,VSS,Metal1,74.6430,118.1180,0.000121
_821_,VSS,Metal1,121.3565,141.6380,0.000043
_820_,VSS,Metal1,127.5165,102.4380,0.000068
_819_,VSS,Metal1,64.5630,117.0815,0.000120
_818_,VSS,Metal1,62.8830,93.5615,0.000043
_817_,VSS,Metal1,16.0765,117.0815,0.000105
_816_,VSS,Metal1,68.4200,110.0575,0.000189
_815_,VSS,Metal1,74.7175,117.3235,0.000121
_814_,VSS,Metal1,69.8730,94.4350,0.000043
_813_,VSS,Metal1,76.9000,94.3875,0.000043
_812_,VSS,Metal1,75.7330,141.5590,0.000041
_811_,VSS,Metal1,147.1530,141.4750,0.000043
_810_,VSS,Metal1,147.1530,47.3950,0.000060
_809_,VSS,Metal1,148.0200,39.5075,0.000043
_808_,VSS,Metal1,137.6265,156.3605,0.000011
_807_,VSS,Metal1,121.8365,148.5880,0.000067
_806_,VSS,Metal1,76.2930,140.6805,0.000041
_805_,VSS,Metal1,140.8030,149.3315,0.000067
_804_,VSS,Metal1,146.8530,149.3990,0.000067
_803_,VSS,Metal1,147.5230,133.6515,0.000060
_802_,VSS,Metal1,72.9330,140.6805,0.000041
_801_,VSS,Metal1,147.5230,125.8115,0.000066
_800_,VSS,Metal1,122.7730,125.0005,0.000066
_799_,VSS,Metal1,147.5230,110.1315,0.000205
_798_,VSS,Metal1,127.2530,101.4805,0.000068
_797_,VSS,Metal1,131.2830,101.5480,0.000068
_796_,VSS,Metal1,142.1065,102.3590,0.000068
_795_,VSS,Metal1,138.0030,102.2915,0.000068
_794_,VSS,Metal1,127.2530,85.8005,0.000124
_793_,VSS,Metal1,131.2830,85.8680,0.000124
_792_,VSS,Metal1,146.7730,102.2930,0.000068
_791_,VSS,Metal1,146.8530,31.7990,0.000035
_790_,VSS,Metal1,147.5965,55.2515,0.000158
_789_,VSS,Metal1,104.2930,46.6005,0.000058
_788_,VSS,Metal1,131.3565,54.5080,0.000158
_787_,VSS,Metal1,107.6530,46.6005,0.000059
_786_,VSS,Metal1,139.1965,39.5715,0.000043
_785_,VSS,Metal1,113.8130,23.0805,0.000064
_784_,VSS,Metal1,131.3565,38.8280,0.000043
_783_,VSS,Metal1,97.0130,16.1190,0.000034
_782_,VSS,Metal1,127.9965,30.9880,0.000034
_781_,VSS,Metal1,98.1330,31.7990,0.000033
_780_,VSS,Metal1,144.1630,23.1480,0.000065
_779_,VSS,Metal1,100.3730,16.1190,0.000034
_778_,VSS,Metal1,147.5965,23.8915,0.000065
_777_,VSS,Metal1,148.2665,23.0805,0.000065
_776_,VSS,Metal1,107.8365,38.8280,0.000042
_775_,VSS,Metal1,127.5530,46.6850,0.000060
_774_,VSS,Metal1,47.9700,15.9460,0.000027
_773_,VSS,Metal1,10.7730,125.8790,0.000049
_772_,VSS,Metal1,14.1330,38.7605,0.000032
_771_,VSS,Metal1,30.9900,23.7860,0.000055
_770_,VSS,Metal1,50.5200,148.5340,0.000057
_769_,VSS,Metal1,39.8800,156.3740,0.000008
_768_,VSS,Metal1,35.9600,149.3855,0.000055
_767_,VSS,Metal1,31.4800,156.3740,0.000008
_766_,VSS,Metal1,44.9200,133.7055,0.000054
_765_,VSS,Metal1,39.3800,125.1325,0.000057
_764_,VSS,Metal1,40.7175,102.2400,0.000041
_763_,VSS,Metal1,37.3400,117.9075,0.000109
_762_,VSS,Metal1,35.6775,102.2400,0.000041
_761_,VSS,Metal1,30.9200,39.6255,0.000031
_760_,VSS,Metal1,41.5900,38.7725,0.000032
_759_,VSS,Metal1,14.4330,86.5950,0.000083
_758_,VSS,Metal1,18.7175,86.5160,0.000083
_757_,VSS,Metal1,17.5400,94.3875,0.000032
_756_,VSS,Metal1,40.7000,93.7725,0.000037
_755_,VSS,Metal1,38.8200,86.4735,0.000096
_754_,VSS,Metal1,31.7930,102.2750,0.000041
_753_,VSS,Metal1,30.2800,94.3910,0.000034
_752_,VSS,Metal1,38.1875,94.3560,0.000036
_751_,VSS,Metal1,26.0825,93.8035,0.000032
_750_,VSS,Metal1,23.5730,102.2930,0.000036
_749_,VSS,Metal1,30.1065,110.1990,0.000186
_748_,VSS,Metal1,24.5865,94.4530,0.000032
_747_,VSS,Metal1,22.8100,86.6675,0.000081
_746_,VSS,Metal1,24.5065,85.8005,0.000081
_745_,VSS,Metal1,13.0065,109.4050,0.000172
_744_,VSS,Metal1,16.4775,102.1960,0.000036
_743_,VSS,Metal1,17.5400,101.6125,0.000036
_742_,VSS,Metal1,17.6030,109.3880,0.000172
_741_,VSS,Metal1,49.4065,93.7250,0.000041
_740_,VSS,Metal1,45.7575,86.5600,0.000106
_739_,VSS,Metal1,16.8230,78.7805,0.000016
_738_,VSS,Metal1,13.0130,94.5190,0.000032
_737_,VSS,Metal1,23.6275,55.1560,0.000113
_736_,VSS,Metal1,32.0200,55.1775,0.000122
_735_,VSS,Metal1,43.5530,31.7150,0.000024
_734_,VSS,Metal1,35.1530,23.8750,0.000055
_733_,VSS,Metal1,37.9000,46.7325,0.000048
_732_,VSS,Metal1,45.7930,47.3950,0.000050
_731_,VSS,Metal1,18.8500,31.0935,0.000023
_730_,VSS,Metal1,22.2730,38.8450,0.000032
_729_,VSS,Metal1,33.0630,46.6590,0.000047
_728_,VSS,Metal1,39.1765,39.5805,0.000032
_727_,VSS,Metal1,10.4025,38.9235,0.000032
_726_,VSS,Metal1,22.8525,46.7635,0.000019
_725_,VSS,Metal1,28.9865,47.4790,0.000021
_724_,VSS,Metal1,17.2800,54.5325,0.000113
_723_,VSS,Metal1,23.1225,47.3600,0.000019
_722_,VSS,Metal1,22.4800,54.5325,0.000113
_721_,VSS,Metal1,19.4375,62.4000,0.000110
_720_,VSS,Metal1,34.6125,62.4435,0.000139
_719_,VSS,Metal1,24.4775,62.4000,0.000110
_718_,VSS,Metal1,18.8600,78.1660,0.000016
_717_,VSS,Metal1,17.3200,70.8710,0.000026
_716_,VSS,Metal1,13.0065,63.0750,0.000110
_715_,VSS,Metal1,13.7625,55.1560,0.000113
_714_,VSS,Metal1,17.2330,63.0750,0.000110
_713_,VSS,Metal1,32.3175,54.5600,0.000122
_712_,VSS,Metal1,56.0230,23.9005,0.000055
_711_,VSS,Metal1,51.9175,54.5600,0.000139
_710_,VSS,Metal1,55.8500,39.6275,0.000038
_709_,VSS,Metal1,54.1930,46.6850,0.000051
_708_,VSS,Metal1,62.0400,47.4655,0.000052
_707_,VSS,Metal1,49.6775,47.3600,0.000050
_706_,VSS,Metal1,61.4800,63.1455,0.000178
_705_,VSS,Metal1,52.6000,63.0310,0.000166
_704_,VSS,Metal1,44.6375,63.0400,0.000153
_703_,VSS,Metal1,34.8825,70.8800,0.000031
_702_,VSS,Metal1,42.3975,62.4000,0.000145
_701_,VSS,Metal1,12.4200,78.1660,0.000016
_700_,VSS,Metal1,49.4065,62.3650,0.000166
_699_,VSS,Metal1,37.3575,62.4000,0.000139
_698_,VSS,Metal1,40.3730,47.4130,0.000048
_697_,VSS,Metal1,35.4425,63.0400,0.000139
_696_,VSS,Metal1,21.3225,70.8935,0.000026
_695_,VSS,Metal1,48.9575,78.1235,0.000021
_694_,VSS,Metal1,43.3000,78.0925,0.000020
_693_,VSS,Metal1,49.5175,46.7635,0.000050
_692_,VSS,Metal1,78.2800,149.3855,0.000066
_691_,VSS,Metal1,128.9200,117.1740,0.000130
_690_,VSS,Metal1,70.4400,156.3740,0.000011
_689_,VSS,Metal1,73.7400,110.0675,0.000189
_688_,VSS,Metal1,60.3175,102.2400,0.000058
_687_,VSS,Metal1,128.9200,148.5340,0.000067
_686_,VSS,Metal1,128.9200,109.3340,0.000205
_685_,VSS,Metal1,60.8600,94.3875,0.000043
_684_,VSS,Metal1,59.1975,101.6000,0.000058
_683_,VSS,Metal1,59.1800,86.5475,0.000111
_682_,VSS,Metal1,57.8425,78.7200,0.000022
_681_,VSS,Metal1,46.8900,39.6275,0.000032
_680_,VSS,Metal1,29.9175,46.7635,0.000021
_679_,VSS,Metal1,53.1465,38.8265,0.000038
_678_,VSS,Metal1,50.5800,31.6675,0.000025
_677_,VSS,Metal1,41.7625,46.7635,0.000048
_676_,VSS,Metal1,17.2265,38.7605,0.000032
_675_,VSS,Metal1,25.9975,117.3235,0.000105
_674_,VSS,Metal1,18.6500,110.1390,0.000172
_673_,VSS,Metal1,18.8600,102.2275,0.000036
_672_,VSS,Metal1,25.0925,110.0360,0.000171
_671_,VSS,Metal1,50.2200,109.4525,0.000187
_670_,VSS,Metal1,55.8925,133.0035,0.000054
_669_,VSS,Metal1,56.2375,140.8435,0.000036
_668_,VSS,Metal1,57.9230,141.4915,0.000036
_667_,VSS,Metal1,62.9630,141.4915,0.000039
_666_,VSS,Metal1,45.7575,117.9200,0.000111
_665_,VSS,Metal1,53.7175,125.7735,0.000060
_664_,VSS,Metal1,51.8365,125.0680,0.000060
_663_,VSS,Metal1,44.0025,133.0035,0.000054
_662_,VSS,Metal1,48.9575,140.8435,0.000035
_661_,VSS,Metal1,48.9575,125.7160,0.000060
_660_,VSS,Metal1,47.9225,117.3235,0.000112
_659_,VSS,Metal1,52.8830,133.6515,0.000054
_658_,VSS,Metal1,57.3575,133.5560,0.000055
_657_,VSS,Metal1,50.7225,140.8435,0.000035
_656_,VSS,Metal1,48.8900,132.9005,0.000054
_655_,VSS,Metal1,44.0025,148.6835,0.000057
_654_,VSS,Metal1,52.8100,141.4990,0.000036
_653_,VSS,Metal1,62.0765,148.6030,0.000061
_652_,VSS,Metal1,56.3225,156.5235,0.000009
_651_,VSS,Metal1,58.9700,140.7405,0.000036
_650_,VSS,Metal1,56.8825,148.6835,0.000058
_649_,VSS,Metal1,63.6700,149.3390,0.000061
_648_,VSS,Metal1,69.2700,141.4990,0.000040
_647_,VSS,Metal1,59.1225,156.5235,0.000010
_646_,VSS,Metal1,48.2865,102.2750,0.000048
_645_,VSS,Metal1,50.2730,101.5650,0.000049
_644_,VSS,Metal1,52.3175,102.1960,0.000049
_643_,VSS,Metal1,111.4910,124.8620,0.000066
_642_,VSS,Metal1,110.9310,101.3420,0.000067
_641_,VSS,Metal1,22.5265,109.4050,0.000171
_640_,VSS,Metal1,22.5075,78.1235,0.000016
_639_,VSS,Metal1,15.8065,62.3650,0.000110
_638_,VSS,Metal1,12.6425,47.3160,0.000019
_637_,VSS,Metal1,11.8930,62.2805,0.000110
_636_,VSS,Metal1,47.9225,54.6035,0.000139
_635_,VSS,Metal1,16.1065,85.8005,0.000083
_634_,VSS,Metal1,22.5330,70.1550,0.000026
_633_,VSS,Metal1,46.0275,78.6760,0.000021
_632_,VSS,Metal1,26.7530,70.2050,0.000026
_631_,VSS,Metal1,51.1975,86.5160,0.000108
_630_,VSS,Metal1,18.6130,46.6005,0.000019
_629_,VSS,Metal1,15.9175,46.7635,0.000019
_628_,VSS,Metal1,37.0930,47.4790,0.000048
_627_,VSS,Metal1,28.6675,70.8360,0.000026
_626_,VSS,Metal1,35.4425,78.0800,0.000017
_625_,VSS,Metal1,28.2375,101.6435,0.000040
_624_,VSS,Metal1,32.3175,86.5600,0.000089
_623_,VSS,Metal1,48.5700,70.9875,0.000032
_622_,VSS,Metal1,23.6275,78.6760,0.000016
_621_,VSS,Metal1,48.7730,70.1865,0.000032
_620_,VSS,Metal1,21.0425,85.9635,0.000081
_619_,VSS,Metal1,54.4530,85.8005,0.000110
_618_,VSS,Metal1,42.8825,78.6760,0.000020
_617_,VSS,Metal1,16.3730,47.4790,0.000019
_616_,VSS,Metal1,35.4425,70.2400,0.000031
_615_,VSS,Metal1,35.6775,78.7200,0.000017
_614_,VSS,Metal1,44.1865,70.1865,0.000032
_613_,VSS,Metal1,37.9465,70.9990,0.000031
_612_,VSS,Metal1,44.1065,85.8005,0.000106
_611_,VSS,Metal1,49.6600,38.8650,0.000032
_610_,VSS,Metal1,52.7400,31.1260,0.000025
_609_,VSS,Metal1,56.4265,30.9205,0.000027
_608_,VSS,Metal1,44.0025,31.0835,0.000024
_607_,VSS,Metal1,53.8930,31.7990,0.000025
_606_,VSS,Metal1,42.2375,31.0835,0.000024
_605_,VSS,Metal1,104.2865,78.0450,0.000031
_604_,VSS,Metal1,113.0125,62.4435,0.000197
_603_,VSS,Metal1,110.2965,70.9405,0.000037
_602_,VSS,Metal1,108.7665,70.2050,0.000037
_601_,VSS,Metal1,77.4265,78.0280,0.000023
_600_,VSS,Metal1,74.9065,86.6790,0.000124
_599_,VSS,Metal1,72.1065,55.2850,0.000139
_598_,VSS,Metal1,78.5625,70.2400,0.000034
_597_,VSS,Metal1,82.5575,55.1560,0.000143
_596_,VSS,Metal1,69.3065,85.8005,0.000119
_595_,VSS,Metal1,107.7575,78.6760,0.000031
_594_,VSS,Metal1,94.7475,78.1235,0.000024
_593_,VSS,Metal1,122.4025,109.4835,0.000205
_592_,VSS,Metal1,127.2530,54.4405,0.000158
_591_,VSS,Metal1,131.4665,46.6005,0.000060
_590_,VSS,Metal1,109.6265,55.2850,0.000152
_589_,VSS,Metal1,103.4925,55.1560,0.000149
_588_,VSS,Metal1,126.9865,38.7605,0.000043
_587_,VSS,Metal1,139.8730,47.3950,0.000060
_586_,VSS,Metal1,132.0265,30.9205,0.000034
_585_,VSS,Metal1,102.8025,47.3160,0.000058
_584_,VSS,Metal1,112.0230,54.4990,0.000152
_583_,VSS,Metal1,113.8425,38.8800,0.000043
_582_,VSS,Metal1,115.1165,31.7315,0.000034
_581_,VSS,Metal1,112.9865,39.6390,0.000043
_580_,VSS,Metal1,94.4025,62.4435,0.000186
_579_,VSS,Metal1,111.4630,46.6590,0.000059
_578_,VSS,Metal1,107.3575,39.5200,0.000042
_577_,VSS,Metal1,97.3065,30.9550,0.000033
_576_,VSS,Metal1,106.7225,23.7960,0.000064
_575_,VSS,Metal1,101.1975,31.6800,0.000033
_574_,VSS,Metal1,109.7175,31.6935,0.000034
_573_,VSS,Metal1,102.9130,38.8450,0.000042
_572_,VSS,Metal1,101.3830,23.9005,0.000064
_571_,VSS,Metal1,103.4500,54.4525,0.000149
_570_,VSS,Metal1,113.0775,31.0260,0.000034
_569_,VSS,Metal1,105.6530,31.0000,0.000034
_568_,VSS,Metal1,86.2630,31.7405,0.000030
_567_,VSS,Metal1,98.1500,54.4525,0.000148
_566_,VSS,Metal1,90.1175,31.0260,0.000030
_565_,VSS,Metal1,89.3500,23.1380,0.000061
_564_,VSS,Metal1,91.1465,31.7990,0.000030
_563_,VSS,Metal1,72.0600,31.5935,0.000028
_562_,VSS,Metal1,75.8375,23.7960,0.000059
_561_,VSS,Metal1,74.3100,38.8205,0.000040
_560_,VSS,Metal1,69.6200,23.7535,0.000059
_559_,VSS,Metal1,78.6375,23.7960,0.000059
_558_,VSS,Metal1,83.1175,31.6360,0.000030
_557_,VSS,Metal1,89.9975,47.3600,0.000056
_556_,VSS,Metal1,98.1265,55.2350,0.000148
_555_,VSS,Metal1,100.6375,62.4000,0.000190
_554_,VSS,Metal1,83.8925,31.0835,0.000030
_553_,VSS,Metal1,89.7625,54.5600,0.000146
_552_,VSS,Metal1,95.0200,31.6950,0.000030
_551_,VSS,Metal1,93.4965,55.2605,0.000147
_550_,VSS,Metal1,88.9325,78.1235,0.000023
_549_,VSS,Metal1,70.9575,47.3600,0.000053
_548_,VSS,Metal1,75.5575,54.5460,0.000139
_547_,VSS,Metal1,108.5865,62.3465,0.000197
_546_,VSS,Metal1,101.0375,47.3160,0.000058
_545_,VSS,Metal1,110.5100,47.3060,0.000059
_544_,VSS,Metal1,128.9200,125.0140,0.000066
_543_,VSS,Metal1,148.0200,117.9075,0.000131
_542_,VSS,Metal1,146.5575,86.5600,0.000124
_541_,VSS,Metal1,143.8200,140.8860,0.000043
_540_,VSS,Metal1,104.5865,156.3605,0.000011
_539_,VSS,Metal1,130.3600,132.8540,0.000060
_538_,VSS,Metal1,101.7400,141.4275,0.000043
_537_,VSS,Metal1,109.0375,86.5600,0.000124
_536_,VSS,Metal1,111.5400,102.1535,0.000067
_535_,VSS,Metal1,112.9865,132.8405,0.000059
_534_,VSS,Metal1,96.5630,110.1315,0.000198
_533_,VSS,Metal1,99.7030,85.8590,0.000124
_532_,VSS,Metal1,140.0425,70.8935,0.000038
_531_,VSS,Metal1,92.0200,117.3660,0.000129
_530_,VSS,Metal1,87.2525,117.8760,0.000127
_529_,VSS,Metal1,87.1225,125.1635,0.000065
_528_,VSS,Metal1,87.2400,133.7055,0.000058
_527_,VSS,Metal1,108.8200,141.4275,0.000043
_526_,VSS,Metal1,146.5575,78.7200,0.000031
_525_,VSS,Metal1,98.4600,117.3660,0.000129
_524_,VSS,Metal1,87.7865,117.1605,0.000127
_523_,VSS,Metal1,130.3600,93.6540,0.000047
_522_,VSS,Metal1,112.3800,70.2525,0.000037
_521_,VSS,Metal1,112.1625,78.7200,0.000031
_520_,VSS,Metal1,116.0200,86.4735,0.000124
_519_,VSS,Metal1,79.3865,140.6805,0.000041
_518_,VSS,Metal1,119.4000,117.1740,0.000130
_517_,VSS,Metal1,148.0200,94.3875,0.000047
_516_,VSS,Metal1,146.5575,70.8800,0.000038
_515_,VSS,Metal1,115.8200,102.1535,0.000067
_514_,VSS,Metal1,88.9975,110.0935,0.000193
_513_,VSS,Metal1,100.3600,109.3340,0.000199
_512_,VSS,Metal1,108.8200,94.3875,0.000046
_511_,VSS,Metal1,146.5575,63.0400,0.000206
_510_,VSS,Metal1,101.2600,109.9935,0.000199
_509_,VSS,Metal1,90.6775,109.4260,0.000193
_508_,VSS,Metal1,94.8830,85.8680,0.000124
_507_,VSS,Metal1,99.7030,78.7805,0.000030
_506_,VSS,Metal1,128.2825,70.2260,0.000038
_505_,VSS,Metal1,92.8600,70.8575,0.000036
_504_,VSS,Metal1,102.5875,70.2835,0.000036
_503_,VSS,Metal1,99.8600,70.2525,0.000036
_502_,VSS,Metal1,102.4565,70.9405,0.000036
_501_,VSS,Metal1,95.9975,70.2835,0.000036
_500_,VSS,Metal1,107.8425,54.6035,0.000152
_499_,VSS,Metal1,97.0065,63.0750,0.000188
_498_,VSS,Metal1,92.7225,62.9960,0.000183
_497_,VSS,Metal1,91.7400,70.2625,0.000036
_496_,VSS,Metal1,81.6330,62.3650,0.000178
_495_,VSS,Metal1,68.0825,55.1560,0.000139
_494_,VSS,Metal1,89.4665,62.2805,0.000182
_493_,VSS,Metal1,102.9400,63.0175,0.000190
_492_,VSS,Metal1,97.5730,70.9990,0.000036
_491_,VSS,Metal1,97.2025,62.4435,0.000188
_490_,VSS,Metal1,134.0775,86.5160,0.000124
_489_,VSS,Metal1,99.5530,78.0450,0.000030
_488_,VSS,Metal1,83.6200,70.2525,0.000034
_487_,VSS,Metal1,93.3930,78.7550,0.000024
_486_,VSS,Metal1,75.4375,46.7200,0.000054
_485_,VSS,Metal1,86.1975,39.5335,0.000041
_484_,VSS,Metal1,78.2665,39.6390,0.000041
_483_,VSS,Metal1,91.6025,93.8035,0.000044
_482_,VSS,Metal1,89.2830,63.0915,0.000182
_481_,VSS,Metal1,89.3625,85.9635,0.000124
_480_,VSS,Metal1,94.8200,94.3135,0.000046
_479_,VSS,Metal1,87.4675,93.8035,0.000044
_478_,VSS,Metal1,83.2025,93.8035,0.000044
_477_,VSS,Metal1,92.8525,140.8435,0.000043
_476_,VSS,Metal1,97.5475,46.7635,0.000057
_475_,VSS,Metal1,96.7465,39.6390,0.000041
_474_,VSS,Metal1,100.9900,39.4660,0.000042
_473_,VSS,Metal1,85.9965,47.4115,0.000056
_472_,VSS,Metal1,89.7625,46.7200,0.000056
_471_,VSS,Metal1,82.8375,46.7060,0.000056
_470_,VSS,Metal1,83.2025,23.2435,0.000061
_469_,VSS,Metal1,74.2900,39.4660,0.000040
_468_,VSS,Metal1,87.4675,140.8435,0.000043
_467_,VSS,Metal1,73.6825,133.5560,0.000057
_466_,VSS,Metal1,68.0825,149.2360,0.000063
_465_,VSS,Metal1,77.4130,133.7190,0.000057
_464_,VSS,Metal1,80.5065,133.7190,0.000057
_463_,VSS,Metal1,81.9400,132.9725,0.000057
_462_,VSS,Metal1,78.5075,141.3960,0.000041
_461_,VSS,Metal1,59.1225,149.2360,0.000061
_460_,VSS,Metal1,61.9225,156.5235,0.000010
_459_,VSS,Metal1,63.4065,125.7950,0.000065
_458_,VSS,Metal1,70.7400,125.7475,0.000065
_457_,VSS,Metal1,82.4275,140.8435,0.000042
_456_,VSS,Metal1,72.0025,141.3960,0.000041
_455_,VSS,Metal1,69.2025,140.8435,0.000040
_454_,VSS,Metal1,78.2730,125.0850,0.000065
_453_,VSS,Metal1,82.1400,125.1325,0.000065
_452_,VSS,Metal1,81.6350,102.3290,0.000065
_451_,VSS,Metal1,74.8900,102.3475,0.000064
_450_,VSS,Metal1,81.3250,110.1690,0.000189
_449_,VSS,Metal1,80.7900,117.1725,0.000121
_448_,VSS,Metal1,104.4825,85.9635,0.000124
_447_,VSS,Metal1,91.9730,77.9605,0.000024
_446_,VSS,Metal1,86.9800,85.9050,0.000124
_445_,VSS,Metal1,79.4125,55.1560,0.000143
_444_,VSS,Metal1,70.8825,62.9960,0.000178
_443_,VSS,Metal1,85.3575,55.1560,0.000143
_442_,VSS,Metal1,68.1865,63.1590,0.000178
_441_,VSS,Metal1,81.9225,47.3600,0.000056
_440_,VSS,Metal1,117.7500,39.6275,0.000043
_439_,VSS,Metal1,18.1100,125.7060,0.000049
_438_,VSS,Metal1,14.1330,125.8790,0.000049
_437_,VSS,Metal1,9.1400,109.4250,0.000172
_436_,VSS,Metal1,103.4200,94.4150,0.000046
_435_,VSS,Metal1,92.5800,110.0950,0.000195
_434_,VSS,Metal1,79.7000,31.0250,0.000029
_433_,VSS,Metal1,98.3800,38.8650,0.000042
_432_,VSS,Metal1,69.8200,70.8950,0.000034
_431_,VSS,Metal1,67.3800,47.3750,0.000052
_430_,VSS,Metal1,33.4200,141.4550,0.000035
_429_,VSS,Metal1,100.4200,94.4150,0.000046
_428_,VSS,Metal1,106.5800,102.2550,0.000066
_427_,VSS,Metal1,12.5000,46.7050,0.000019
_426_,VSS,Metal1,24.8200,39.5350,0.000032
_425_,VSS,Metal1,42.3800,125.1050,0.000057
_424_,VSS,Metal1,45.1800,109.4250,0.000187
_423_,VSS,Metal1,51.3400,78.0650,0.000021
_422_,VSS,Metal1,18.6600,85.9050,0.000083
_421_,VSS,Metal1,22.7800,125.7750,0.000049
_420_,VSS,Metal1,56.7400,125.7750,0.000061
_419_,VSS,Metal1,76.5400,125.7750,0.000065
_418_,VSS,Metal1,72.0600,70.8950,0.000034
_417_,VSS,Metal1,71.3000,78.7350,0.000022
_416_,VSS,Metal1,64.7800,23.8550,0.000055
_415_,VSS,Metal1,25.5800,23.8550,0.000054
_414_,VSS,Metal1,19.7800,101.5850,0.000036
_413_,VSS,Metal1,32.6600,85.9050,0.000089
_412_,VSS,Metal1,44.4200,94.4150,0.000040
_411_,VSS,Metal1,29.3000,86.5750,0.000083
_410_,VSS,Metal1,64.2200,101.5850,0.000063
_409_,VSS,Metal1,71.5000,102.2550,0.000064
_408_,VSS,Metal1,55.0600,117.2650,0.000120
